Title,Rating,Votes,Genre,Duration(in_mins)
Kraven the Hunter,5.4,47000,Action,127.0
Twisters,6.5,162000,Action,122.0
Gladiator II,6.5,219000,Action,148.0
Sonic the Hedgehog 3,6.9,54000,Action,110.0
Pushpa: The Rule - Part 2,6.1,54000,Action,201.0
Venom: The Last Dance,6.0,110000,Action,110.0
Dune: Part Two,8.5,615000,Action,166.0
The Ministry of Ungentlemanly Warfare,6.8,132000,Action,122.0
Deadpool & Wolverine,7.6,482000,Action,128.0
Furiosa: A Mad Max Saga,7.5,281000,Action,148.0
The Lord of the Rings: The War of the Rohirrim,6.3,28000,Action,134.0
Borderlands,4.7,46000,Action,101.0
Civil War,7.0,233000,Action,109.0
Elevation,5.6,20000,Action,91.0
The Beekeeper,6.3,153000,Action,105.0
Solo Leveling: ReAwakening,8.8,8900,Action,121.0
Carry-On,6.5,161000,Action,119.0
The Count of Monte-Cristo,7.6,33000,Action,178.0
The Fall Guy,6.8,217000,Action,126.0
William Tell,5.8,1900,Action,133.0
Hellboy: The Crooked Man,4.5,13000,Action,99.0
Rebel Ridge,6.8,86000,Action,131.0
Damsel,6.1,108000,Action,110.0
Marco,6.9,20000,Action,145.0
Homestead,5.4,3400,Action,112.0
The Crow,4.7,33000,Action,111.0
Road House,6.2,166000,Action,121.0
Transformers One,7.6,48000,Action,104.0
Red One,6.3,138000,Action,123.0
Argylle,5.6,92000,Action,139.0
Kingdom of the Planet of the Apes,6.9,150000,Action,145.0
The Killer's Game,5.8,16000,Action,104.0
Freaky Tales,6.5,378,Action,106.0
Madame Web,4.0,99000,Action,116.0
Bad Boys: Ride or Die,6.5,98000,Action,115.0
Old Guy,5.1,1900,Action,94.0
Godzilla x Kong: The New Empire,6.1,120000,Action,115.0
Love Lies Bleeding,6.6,56000,Action,104.0
Thelma,7.0,22000,Action,98.0
Land of Bad,6.6,50000,Action,113.0
Dirty Angels,4.3,3200,Action,104.0
Aftermath,5.1,3600,Action,97.0
Monkey Man,6.8,90000,Action,121.0
Blitz,6.2,16000,Action,120.0
The Union,5.4,52000,Action,107.0
Uglies,4.7,32000,Action,100.0
Cash Out,4.8,2900,Action,92.0
Survive,4.6,2100,Action,90.0
Azrael,5.4,10000,Action,86.0
Drive-Away Dolls,5.4,23000,Action,84.0
Kung Fu Panda 4,6.3,67000,Action,94.0
The Killer,5.7,12000,Action,126.0
Attack on Titan the Movie: The Last Attack,9.2,14000,Action,145.0
The Instigators,6.2,37000,Action,101.0
Werewolves,4.4,6100,Action,93.0
Beverly Hills Cop: Axel F,6.4,81000,Action,118.0
Lift,5.5,49000,Action,107.0
Maharaja,8.4,66000,Action,141.0
Kalki 2898 AD,7.0,66000,Action,180.0
Absolution,5.2,7500,Action,112.0
Arcadian,5.5,23000,Action,92.0
Descendants: The Rise of Red,4.7,6900,Action,91.0
Apocalypse Z: The Beginning of the End,6.1,19000,Action,117.0
Long Gone Heroes,5.2,994,Action,101.0
Gunner,3.2,2400,Action,106.0
Atlas,5.6,55000,Action,118.0
Brothers,5.4,13000,Action,89.0
Canary Black,5.4,11000,Action,101.0
Chief of Station,4.7,4500,Action,97.0
Rebel Moon - Part Two: The Scargiver,5.3,59000,Action,122.0
Armor,3.5,3700,Action,89.0
Watchmen: Chapter I,7.0,6300,Action,83.0
The Silent Hour,6.1,7100,Action,99.0
Baby Invasion,4.6,263,Action,80.0
Jackpot!,5.8,30000,Action,106.0
Twilight of the Warriors: Walled In,7.0,9000,Action,126.0
Vanvaas,6.7,1200,Action,160.0
Under Paris,5.2,36000,Action,104.0
Weekend in Taipei,5.7,4400,Action,100.0
Hitpig,5.1,857,Action,86.0
Baby John,5.4,17000,Action,159.0
Classified,3.6,2300,Action,105.0
The Shadow Strays,6.5,9000,Action,144.0
Trigger Warning,4.6,19000,Action,106.0
Boneyard,4.1,4900,Action,96.0
Hagen,6.1,1100,Action,139.0
Take Cover,5.1,2300,Action,90.0
Aavesham,7.8,27000,Action,155.0
No Way Up,4.6,10000,Action,90.0
Damaged,4.7,7200,Action,97.0
Red Right Hand,5.5,5800,Action,111.0
Megamind vs. The Doom Syndicate,2.5,5500,Action,83.0
Watchmen: Chapter II,7.0,2800,Action,90.0
11 Rebels,6.3,296,Action,155.0
Singham Again,4.8,75000,Action,144.0
Role Play,5.5,19000,Action,100.0
Justice League: Crisis on Infinite Earths - Part One,6.2,8400,Action,93.0
Justice League: Crisis on Infinite Earths - Part Three,6.1,4400,Action,94.0
Sunray: Fallen Soldier,4.3,598,Action,115.0
River of Blood,5.4,1700,Action,86.0
Hounds of War,4.5,1700,Action,95.0
Amaran,8.2,18000,Action,167.0
Dominique,5.3,2100,Action,100.0
Code 8: Part II,5.7,16000,Action,100.0
Hanu Man,7.7,29000,Action,158.0
Prey,3.7,3200,Action,86.0
Rifle Club,7.0,4000,Action,113.0
Dark Match,5.5,867,Action,94.0
Crosspoint,7.2,30,Action,100.0
The Thundermans Return,5.0,1800,Action,70.0
Trouble,6.2,6600,Action,98.0
"I, the Executioner",6.3,1600,Action,118.0
Night Call,6.8,1800,Action,97.0
Raqa,5.8,127,Action,107.0
Arena Wars,4.9,2000,Action,96.0
Jacob Tyler,4.7,47,Action,133.0
My Spy: The Eternal City,5.7,11000,Action,112.0
The Price of Money: A Largo Winch Adventure,5.0,1100,Action,100.0
Death Whisperer 2,6.4,1300,Action,110.0
The Roundup: Punishment,6.6,5100,Action,109.0
Joe Baby,7.6,29,Action,86.0
Kill Em All 2,4.1,1300,Action,88.0
Sikandar Ka Muqaddar,6.0,24000,Action,142.0
Uprising,6.6,5400,Action,126.0
Duchess,4.6,1200,Action,114.0
Bougainvillea,6.4,3000,Action,138.0
Viduthalai Part 2,8.0,16000,Action,170.0
Badland Hunters,5.9,12000,Action,107.0
My Hero Academia: You're Next,7.0,1900,Action,110.0
Simarik,6.4,2400,Action,111.0
Devara Part 1,6.0,20000,Action,176.0
Karma,8.1,1400,Action,167.0
Article 370,7.8,25000,Action,158.0
The Fix,4.6,1100,Action,98.0
City Hunter,6.3,5500,Action,102.0
One More Shot,5.4,3600,Action,103.0
Officer Black Belt,6.8,8000,Action,108.0
The Courier,6.0,4300,Action,101.0
Levels,5.0,1500,Action,93.0
Darkness of Man,4.8,3100,Action,109.0
Khadaan,7.4,2000,Action,137.0
The Tiger's Apprentice,5.7,2100,Action,84.0
The Wages of Fear,4.6,4100,Action,104.0
The Twisters,2.5,316,Action,86.0
Air Force One Down,4.4,2800,Action,84.0
Mafia Wars,3.4,220,Action,94.0
Ultraman: Rising,6.9,6200,Action,117.0
The Prosecutor,6.8,1400,Action,117.0
Lights Out,4.9,1800,Action,90.0
Striking Rescue,5.6,362,Action,106.0
The Quiet Ones,6.5,565,Action,110.0
One Fast Move,5.0,2200,Action,108.0
Fighter,6.2,52000,Action,166.0
Justice League: Crisis on Infinite Earths - Part Two,5.5,5200,Action,94.0
Angels Fallen: Warriors of Peace,4.9,5800,Action,103.0
The Lost Tiger,7.8,41,Action,90.0
The Family Star,5.4,5400,Action,159.0
Pani,6.9,2800,Action,143.0
Yolo,6.9,3600,Action,129.0
Snow White and the Seven Samurai,3.2,276,Action,88.0
Agent Recon,2.4,664,Action,85.0
Panda Plan,5.1,1100,Action,99.0
Operation Blood Hunt,3.4,464,Action,93.0
Freedom,5.9,1300,Action,110.0
Life After Fighting,6.4,1900,Action,126.0
Jigra,6.0,23000,Action,153.0
Dan Da Dan: First Encounter,8.2,2600,Action,83.0
Saripodhaa Sanivaaram,7.0,8900,Action,166.0
Harbin,6.4,511,Action,108.0
Anaconda,4.9,605,Action,84.0
Golden Kamuy,6.3,2500,Action,127.0
Die Hart 2: Die Harter,4.3,5400,Action,92.0
Kahar: Kapla High Council,7.0,444,Action,102.0
Max,7.1,3200,Action,132.0
Latency,4.2,2000,Action,94.0
The Clean Up Crew,4.1,1100,Action,95.0
Murder Company,3.7,1500,Action,86.0
Cloud,6.3,914,Action,124.0
Utopia,3.6,347,Action,91.0
Rats!,7.9,85,Action,85.0
Sixty Minutes,5.7,5100,Action,88.0
Elyas,6.1,1300,Action,105.0
Echo 8,3.9,181,Action,96.0
The Last Kumite,4.6,2300,Action,105.0
Alienoid: The Return to the Future,6.5,2500,Action,122.0
Wanted Man,4.8,2500,Action,85.0
Agents,3.5,910,Action,82.0
Outlaw,5.2,906,Action,82.0
Terminator: Skynet Rising,6.9,260,Action,88.0
The Charisma Killers,6.2,650,Action,101.0
Hijack 1971,6.8,3200,Action,100.0
The Last Front,5.5,604,Action,98.0
Agni,7.3,15000,Action,122.0
WWII: Operation Phoenix,6.6,63,Action,106.0
Black Heat,8.6,75,Action,93.0
Demon Slayer: Kimetsu No Yaiba - To the Hashira Training,7.1,8300,Action,104.0
Rajakili,7.6,560,Action,122.0
Wynonna Earp: Vengeance,5.6,1500,Action,96.0
Alien: Rubicon,2.4,331,Action,86.0
The Greatest of All Time,5.7,22000,Action,183.0
Paradox Effect,6.1,8500,Action,87.0
Razakar: The Silent Genocide of Hyderabad,7.4,5300,Action,166.0
Revolver,5.4,824,Action,114.0
Drive Back,4.7,291,Action,94.0
200% Wolf,6.0,1300,Action,98.0
Raayan,6.5,11000,Action,145.0
Eye for an Eye 2,6.5,488,Action,90.0
The Hangman,3.3,991,Action,92.0
72 Hours,4.1,282,Action,87.0
(Pri)sons,5.1,259,Action,100.0
Ferry 2,5.6,3700,Action,94.0
Heart of the Hunter,4.7,2100,Action,105.0
The Ballad of Davy Crockett,4.6,245,Action,96.0
Escape,6.4,1900,Action,94.0
Vettaiyan,7.0,39000,Action,163.0
Zero,6.1,38,Action,88.0
London Calling,7.5,18,Action,109.0
GTMax,5.0,1200,Action,100.0
Vedaa,6.0,4300,Action,145.0
Mura,7.3,6200,Action,129.0
Devil's Knight,5.4,781,Action,90.0
Cesium Fallout,6.7,410,Action,136.0
Kingdom 4: Return of the Great General,7.1,1200,Action,145.0
How to Rob a Bank,6.6,4100,Action,88.0
Fight Another Day,5.1,330,Action,97.0
Toofan,7.1,6100,Action,145.0
Bagheera,6.7,7300,Action,158.0
Thangalaan,6.6,6500,Action,156.0
A.R.M,7.1,8600,Action,150.0
The Lockdown,4.3,598,Action,117.0
Continental Split,3.5,536,Action,88.0
Don't Mess with Grandma,6.0,147,Action,81.0
Ryan's World the Movie: Titan Universe Adventure,1.8,659,Action,80.0
Get Fast,3.6,440,Action,88.0
Chandu Champion,7.8,34000,Action,142.0
Guntur Kaaram,5.4,25000,Action,159.0
A Legend,4.7,864,Action,129.0
Hellhound,4.3,494,Action,103.0
12 to Midnight,3.6,277,Action,96.0
Overlord: The Sacred Kingdom,7.0,707,Action,135.0
Kanguva,4.5,14000,Action,152.0
"Love, Courage and the Battle of Bushy Run",4.9,176,Action,113.0
Savi,6.2,35000,Action,126.0
Everybody Loves Jenifa,8.4,79,Action,135.0
Nice Girls,4.2,1200,Action,92.0
Sorgavaasal,6.6,1300,Action,138.0
Cells at Work!,6.8,173,Action,109.0
Baki Hanma VS Kengan Ashura,5.7,1900,Action,62.0
Spiders on a Plane,5.5,361,Action,78.0
Operation Undead,4.6,371,Action,110.0
40 Acres,6.5,104,Action,113.0
Young Lion of the West,8.1,106,Action,93.0
Escape from the 21st Century,6.6,827,Action,98.0
War of the Worlds: Extinction,3.0,182,Action,84.0
Barroz: Guardian of Treasures,3.5,960,Action,155.0
The Friendly,8.1,15,Action,101.0
Roadkill,3.6,674,Action,90.0
Je Jatt Vigarh Gya,5.7,819,Action,132.0
Bade Miyan Chote Miyan,3.8,39000,Action,163.0
Non Negotiable,5.4,1200,Action,87.0
Big Rage,3.6,160,Action,115.0
Sasan,8.5,64,Action,155.0
UI,6.9,5600,Action,135.0
Ayalaan,6.0,4000,Action,155.0
Mission: Cross,6.1,2500,Action,105.0
Tillu Square,6.6,3400,Action,137.0
The Last Ronin,4.9,232,Action,115.0
Pimpinero: Blood and Oil,5.6,541,Action,121.0
Alangu,8.2,1200,Action,131.0
The Actor,3.3,723,Action,128.0
Cassino in Ischia,4.4,232,Action,113.0
Bionic,4.3,1700,Action,110.0
School of Magical Animals 3,5.9,299,Action,105.0
Sucha Soorma,6.4,911,Action,136.0
Dharmarakshak Mahaveer Chhatrapati Sambhaji Maharaj,8.2,652,Action,174.0
Memes & Nightmares,5.7,78,Action,81.0
Rob N Roll,6.1,1500,Action,98.0
The Last of Us: Immunity,6.3,13,Action,64.0
Deaner '89,5.9,415,Action,90.0
Ka Whawhai Tonu,7.4,170,Action,115.0
Hunting with Tigers,5.6,511,Action,109.0
Invasion,4.8,666,Action,91.0
Yodha,5.7,8800,Action,130.0
High Forces,5.8,511,Action,119.0
Nothing Even Matters,5.5,74,Action,90.0
Handsome Guys,6.5,769,Action,101.0
Onsen shâku,6.0,10,Action,70.0
Art of Eight Limbs,3.9,306,Action,101.0
Citizen of a Kind,6.7,778,Action,114.0
Mr. Bachchan,3.6,5300,Action,150.0
Sector 17,7.4,1300,Action,146.0
Bangkok Breaking: Heaven and Hell,5.8,658,Action,146.0
Auron Mein Kahan Dum Tha,6.6,41000,Action,150.0
My Fathers' Daughter,6.6,71,Action,78.0
No Time to Spy: A Loud House Movie,6.4,439,Action,81.0
Crakk: Jeetega... Toh Jiyegaa,4.7,6500,Action,154.0
The Kingdom,7.9,85,Action,133.0
Devaki Nandana Vasudeva,8.8,2700,Action,128.0
Bureau 749,4.1,504,Action,123.0
Sabari,8.4,5400,Action,129.0
The Slave and the Sorcerer,6.7,38,Action,86.0
Taken from Rio Bravo,3.0,308,Action,80.0
Garudan,7.1,3300,Action,133.0
Exorcism Chronicles: The Beginning,7.0,77,Action,85.0
GATAO: Like Father Like Son,6.8,65,Action,100.0
Shark Warning,3.4,249,Action,94.0
Paradise,6.9,77,Action,83.0
Dange,5.3,788,Action,154.0
Baby Assassins: Nice Days,7.3,274,Action,103.0
Diabel,5.1,216,Action,108.0
Martin,2.3,36000,Action,147.0
Bachhala Malli,8.3,3900,Action,140.0
Orang Ikan,6.5,32,Action,83.0
Yudhra,5.0,13000,Action,142.0
Siren,6.4,2900,Action,154.0
Alien Country,4.4,352,Action,96.0
Troubleshooters,6.7,402,Action,110.0
Sayen: The Huntress,4.4,253,Action,88.0
Crisis Negotiators,6.7,693,Action,120.0
Six jours,6.4,99,Action,95.0
American Underdog,8.8,23,Action,89.0
Mummy Shark,2.0,173,Action,66.0
The Grey Men,6.5,68,Action,97.0
Snatched,4.9,207,Action,101.0
Naam,6.4,274,Action,136.0
S.T.A.L.K.E.R.: Shadow of the Zone,5.2,450,Action,72.0
Mongol,8.6,90,Action,155.0
UmroAyyar - A New Beginning,6.9,670,Action,135.0
Rendel: Cycle of Revenge,3.6,243,Action,99.0
Ape X Mecha Ape: New World Order,2.8,131,Action,87.0
Fyre Rises,6.5,321,Action,110.0
Lady Scorpions,3.6,363,Action,101.0
Clone Cops,8.0,189,Action,96.0
Soodhu Kavvum 2: Naatum Naatu Makkalum,3.7,197,Action,129.0
Witch Hunter,5.2,23,Action,80.0
Camp Blood: Clown Shark,3.3,82,Action,70.0
Jithender Reddy,9.5,2400,Action,136.0
Lisabi: The Uprising,6.4,121,Action,107.0
The Desperate Chase,5.5,53,Action,110.0
Hunt the Wicked,5.3,107,Action,102.0
They Call Her Death,6.5,25,Action,92.0
Red vs. Blue: Restoration,5.6,135,Action,85.0
Ballistic,2.3,161,Action,95.0
Malayalee from India,5.6,5000,Action,160.0
Bidurbhai,9.2,376,Action,148.0
Zebra,8.0,3200,Action,164.0
Aserb: The Squadron,5.2,300,Action,120.0
Mobile Suit Gundam SEED Freedom,6.6,931,Action,124.0
Sikaar,8.3,676,Action,150.0
Eagle,5.9,4900,Action,159.0
Blade of Fury,6.1,115,Action,90.0
Sheriff,6.9,1100,Action,133.0
Samandar,7.6,136,Action,172.0
Rogue Elements: A Ryan Drake Story,4.9,916,Action,44.0
Shu Si Yi Bo,6.6,32,Action,91.0
Clownface 3,9.5,35,Action,104.0
Anthima Theerpu,8.1,1500,Action,133.0
The Experts,6.2,259,Action,121.0
Sunfall,2.4,31,Action,74.0
Lal Salaam,4.5,1300,Action,150.0
Love You to Debt,6.2,750,Action,135.0
Fuuto PI: Portrait of Kamen Rider Skull,7.6,31,Action,82.0
Panjab Files,7.9,17,Action,117.0
Matka,4.7,578,Action,156.0
Turbo,5.9,3600,Action,155.0
The Miranda Brothers,4.4,188,Action,99.0
Mirza: Part 1 - Joker,6.8,236,Action,165.0
Mercy Killing,8.7,2700,Action,131.0
Desperado,5.9,140,Action,100.0
Captain Miller,6.5,8600,Action,157.0
Yuva,5.8,834,Action,153.0
What Happens in Miami,4.3,218,Action,90.0
Shark Island,4.0,114,Action,81.0
Sarangadhariya,8.6,3100,Action,150.0
Customs Frontline,5.4,467,Action,115.0
Rang De Basanti,8.8,144,Action,174.0
Hitler,5.2,302,Action,128.0
Xiong Shi Shao Nian 2,7.5,192,Action,134.0
Anchakkallakokkan,6.6,1000,Action,126.0
Mission: Chapter 1,5.9,1700,Action,144.0
Hain,2.9,45,Action,95.0
Major Grom: The Game,6.1,1800,Action,168.0
Pottel,8.2,2700,Action,148.0
Bhaje Vaayu Vegam,6.1,546,Action,136.0
Buddy,3.8,340,Action,137.0
Ghost Killer,7.2,60,Action,105.0
Indrani: Epic-1 Dharam vs Karam,7.6,1100,Action,157.0
Fighting the Fire,8.6,1700,Action,115.0
Gandhi 3,5.5,234,Action,143.0
The Epidemic,5.8,69,Action,95.0
Bull Shark 2,2.9,151,Action,75.0
Bonus Trip,4.6,222,Action,113.0
Buying Time,7.0,260,Action,84.0
Prepare to Die,4.6,228,Action,93.0
Bloodline,9.2,47,Action,80.0
Holy Punch,5.2,40,Action,98.0
12 Gaun,6.3,881,Action,147.0
Conquer: Lahad Datu,6.7,498,Action,120.0
Abudeka Is Back,5.3,31,Action,120.0
Reloaded 2,8.0,1000,Action,45.0
Kamen Rider 555 20th: Paradise Regained,5.9,141,Action,65.0
The Heist,6.9,2000,Action,120.0
Losing Lerato 2,9.1,31,Action,96.0
Bhaiyya Ji,4.8,7400,Action,150.0
Ship of the Damned,2.8,294,Action,88.0
KA,7.2,1500,Action,151.0
Drive,5.6,315,Action,90.0
Honeko Akabane's Bodyguards,5.9,36,Action,117.0
Operation Valentine,5.3,1400,Action,133.0
Jathara,6.4,1100,Action,129.0
Rode College,6.6,421,Action,168.0
Formed Police Unit,4.6,473,Action,120.0
Mathu Vadalara 2,7.0,1600,Action,139.0
DNA,5.2,209,Action,156.0
I Heart Robots,4.6,2300,Action,76.0
Bad Boyz,4.6,606,Action,150.0
Tariq,6.9,15,Action,122.0
Kung Fu Games,3.3,375,Action,98.0
Mechanic Rocky,6.5,3400,Action,156.0
Bangkok Dog,6.3,103,Action,85.0
Kizumonogatari: Koyomi Vamp,7.0,82,Action,144.0
The Mick and the Trick,5.0,75,Action,96.0
Checkmate,4.3,383,Action,104.0
Pusaka,6.4,31,Action,90.0
Kill Craft,2.3,361,Action,99.0
The Omicron Killer,2.9,594,Action,98.0
Bohurupi,8.3,1400,Action,155.0
Bastar: The Naxal Story,6.4,3300,Action,124.0
The Alexandrian,3.9,251,Action,104.0
Mazhai Pidikatha Manithan,4.5,418,Action,133.0
The Bouncer,4.3,83,Action,78.0
Ruslaan,3.3,1200,Action,120.0
Neon Fear,6.1,392,Action,40.0
Where Is Gilgamesh?,9.0,605,Action,90.0
The Plot,4.8,365,Action,100.0
6 Hours Away,3.9,242,Action,93.0
Nu Huo 12 Xiao Shi,6.0,46,Action,86.0
In Tenebras: Into the Darkness,3.3,172,Action,90.0
The Infallibles,4.8,748,Action,99.0
Bandaa Singh Chaudhary,6.3,5200,Action,113.0
Sons of Rizk 3,6.7,1600,Action,125.0
The Circuit 4: Faith Fighter,4.4,87,Action,90.0
Bheema,5.8,947,Action,148.0
Texas Twister,2.5,156,Action,88.0
Death Game,6.3,24,Action,88.0
Sous écrous,5.3,34,Action,111.0
Saint Young Men: Holy Men vs Demon Army,3.0,13,Action,93.0
South Side Hero,5.4,36,Action,92.0
24 Hours to D-Day,4.7,35,Action,83.0
Polar,4.4,28,Action,76.0
Correr para Vivir,7.0,193,Action,97.0
Dirty Money,5.7,108,Action,100.0
Hiranya,5.7,16,Action,138.0
Warning 2,7.1,880,Action,125.0
September Babies,6.2,283,Action,94.0
Türkler Çildirmis Olmali 2: Mavi Vatan,2.2,155,Action,100.0
Kali,5.1,409,Action,96.0
Mutant,4.5,58,Action,90.0
Captain Avispa,5.8,172,Action,96.0
Purushothamudu,5.0,2200,Action,120.0
Midas,4.6,335,Action,85.0
Por,5.0,609,Action,154.0
Kondal,5.4,763,Action,147.0
The Worlds Divide,8.0,36,Action,120.0
Hit List,5.5,309,Action,125.0
Black Storm,6.6,65,Action,97.0
Road Wars: Max Fury,2.0,349,Action,83.0
Ghosts of Red Ridge,3.3,145,Action,81.0
Spider-Man: Final Swing,8.4,10,Action,153.0
Touchdown,6.8,13,Action,78.0
Viswam,4.3,630,Action,155.0
Double Ismart,2.9,2100,Action,156.0
Supplier Shankara,9.3,70,Action,163.0
Dark Fusion,8.5,234,Action,90.0
Breaking and Re-entering,5.8,436,Action,109.0
The Evil Three,7.1,864,Action,30.0
The Day Everything Changed,7.9,78,Action,97.0
Naa Saami Ranga,4.5,1200,Action,150.0
The Firefighters,5.8,160,Action,106.0
Dr. Jason II - Lights & Shadows,5.3,292,Action,62.0
Lie Zhan,6.9,66,Action,93.0
Election,5.9,808,Action,120.0
Nintama Rantaro Dokutake Ninja-tai Saikyou no Gunshi,6.8,14,Action,90.0
Stuntman,7.0,143,Action,114.0
Go for Broke,5.7,269,Action,115.0
Bonnie,7.4,32,Action,120.0
The Last Chainsaw Massacre,4.0,38,Action,75.0
Gone with the Dead,4.4,46,Action,96.0
Anunnakiler,2.5,432,Action,76.0
Bhairadevi,8.8,44,Action,134.0
Iron Fighter,3.6,59,Action,80.0
First Nights at Freddy's,9.3,15,Action,98.0
Yakuza Girl,2.3,65,Action,82.0
Hell City,9.1,26,Action,90.0
Gravediggers,6.4,29,Action,91.0
Kaveri,9.1,1500,Action,101.0
London Gangsters,4.3,11,Action,104.0
Hrashwo Deergha,7.9,79,Action,150.0
Tales Beyond the Galaxy,5.3,151,Action,76.0
Wonderful Precure! The Movie! Doki Doki Game no Sekai de Daiboken,6.8,28,Action,71.0
Shekko,6.0,539,Action,120.0
Hakkenden,5.8,73,Action,149.0
Dragon Ball Z Kai,8.4,66,Action,82.0
Mother Mafia,3.3,48,Action,80.0
The Moon Thieves,6.2,224,Action,108.0
Next to Us,4.9,220,Action,125.0
Kuang Bao Ju Xi,6.1,68,Action,75.0
The Traveller,5.2,203,Action,134.0
Joshua: Imai Pol Kaka,4.5,584,Action,130.0
Megdan: Between Water and Fire,5.4,717,Action,106.0
Breaking Tradition,7.2,23,Action,87.0
Spirit Riser,6.7,33,Action,98.0
Agastya - Chapter 1,6.9,594,Action,168.0
Taklee Genesis x Worlds Collide,5.5,389,Action,146.0
The Wild Blade of Strangers,6.2,110,Action,102.0
Guy Manley: Super Spy,4.5,115,Action,92.0
Artist Unknown,9.3,12,Action,82.0
Komandir,6.3,513,Action,131.0
Iddaru,9.1,295,Action,148.0
Karma,4.5,17,Action,111.0
Second Life,6.8,44,Action,105.0
Appu,8.6,181,Action,92.0
Rathnam,5.4,3700,Action,155.0
The Vampire and the Vigilante,3.7,48,Action,75.0
Tòkunbò,3.9,290,Action,113.0
Angel of the Warrior,8.5,133,Action,90.0
Saala,5.9,1100,Action,130.0
Premalo,7.3,1100,Action,128.0
Gangs of Godavari,5.0,900,Action,165.0
Killer Ex,3.9,52,Action,94.0
Bond of Justice: Kizuna Part I - Encounter,6.1,17,Action,92.0
Dead Hand,4.1,75,Action,92.0
Rocky and Bullwinkle,9.2,12,Action,100.0
Permafrost,5.7,112,Action,80.0
Gold Raiders,2.0,181,Action,88.0
Itutumba ka ng tatay ko,5.7,29,Action,109.0
Average Student Nani,8.0,2200,Action,138.0
Mega Twister,2.3,48,Action,75.0
Marine Drive,9.5,49,Action,105.0
Cholo Zombies,4.7,102,Action,96.0
Jorge da Capadócia,6.4,129,Action,119.0
Thundu,5.0,901,Action,125.0
Sentimentaaal,5.8,971,Action,135.0
Mahadev Ka Gorakhpur,7.8,367,Action,131.0
Malaikottai Vaaliban,6.0,4100,Action,156.0
Raanti,6.6,1100,Action,115.0
Ameena,6.3,18,Action,107.0
Dünya Mali: Eksi Bir,7.2,16,Action,133.0
Ame no naka no yokujô,6.0,66,Action,132.0
Neo-Dome,6.6,16,Action,15.0
Usha Parinayam,9.0,2100,Action,144.0
Petta Rap,4.2,1700,Action,123.0
Dangerous Boys 2,5.1,9,Action,115.0
Telekinesis,5.9,60,Action,106.0
Roxana,3.9,65,Action,98.0
Deadzone,4.2,34,Action,80.0
Emanet,7.9,29,Action,97.0
Star Abyss,3.8,241,Action,86.0
Chasing Raine,2.3,187,Action,101.0
Aho Vikramaarka,7.4,53,Action,136.0
Naag Bhoomi,5.7,8,Action,130.0
Virunnu,7.9,875,Action,125.0
Saindhav,5.0,1600,Action,138.0
Kamen Rider Gotchard: The Future Daybreak,8.0,67,Action,63.0
The Captives,3.5,66,Action,73.0
Zénithal,5.3,70,Action,80.0
Love You as the World Ends Final,6.5,36,Action,115.0
Inkabi,4.7,79,Action,101.0
Harom Hara,7.7,3000,Action,154.0
Villain - Life of a Gangster,8.9,156,Action,141.0
Stranded Pearl,6.0,27,Action,90.0
Uninvited,6.7,70,Action,93.0
The Very Last Christmas,8.5,11,Action,75.0
Game On,5.3,2300,Action,140.0
Appudo Ippudo Eppudo,4.7,228,Action,120.0
Joachim and the Apocalypse,7.2,13,Action,90.0
Raktaksha,8.4,1400,Action,118.0
Brattt,4.7,67,Action,117.0
Pariah Volume 1: Every Street Dog Has a Name,6.9,384,Action,138.0
Surge of Power: Where There's Smoke,6.5,13,Action,68.0
Transformers Prime: Galavatron's Revenge,3.0,5,Action,104.0
Hide and Seek,8.2,54,Action,130.0
Chaari 111,4.8,257,Action,130.0
Kade,6.5,15,Action,92.0
The Burden of Nine Lives,4.8,100,Action,116.0
Pranaya Godari,7.8,2400,Action,148.0
Gam Gam Ganesha,5.3,309,Action,140.0
The Escapee 3: The Final Escape,2.7,63,Action,83.0
Die Chaosschwestern und Pinguin Paul,5.7,66,Action,100.0
Death Bitch,7.5,19,Action,88.0
Faster: Only one lap,7.1,23,Action,90.0
Tokusou Sentai Dekaranger 20th: Fireball Booster,7.1,29,Action,50.0
Thiragabadara Saami,6.5,95,Action,115.0
Rock 'n' Roll Ringo,6.4,52,Action,101.0
Speed 220,6.8,1000,Action,114.0
The Bodyguard,6.6,28,Action,87.0
Zoloto Umalty,5.0,106,Action,109.0
Fights Break Sphere 3,4.7,8,Action,81.0
Blocking the Horse,6.2,8,Action,94.0
Purushothamudu,7.7,12,Action,120.0
Athhoi,8.0,133,Action,158.0
Weapon,5.5,5500,Action,120.0
"Bullets, Brothers and Blood",7.8,13,Action,85.0
"Silex and the City, le film",4.9,47,Action,77.0
Kill the Children first,7.8,25,Action,106.0
Day of the Diesels,7.2,9,Action,100.0
Shri Swapankumarer Badami Hyenar Kobole,5.6,323,Action,146.0
Yao Shen Ling,6.7,66,Action,93.0
Chhota Bheem and the Curse of Damyaan,4.8,2300,Action,145.0
Inanimate Insanity II: The Movie,8.3,226,Action,106.0
Marni: The Story of Wewe Gombel,5.9,201,Action,119.0
Cândido,6.3,58,Action,99.0
Haraa,5.5,2900,Action,136.0
Krishnamma,6.2,364,Action,138.0
Ultraman Blazar the Movie: Tokyo Kaiju Showdown,7.5,81,Action,75.0
Heavens: The Boy and His Robot,6.3,21,Action,98.0
The Correct Way of Youth,9.3,780,Action,90.0
Sith Wars: Episódio III - Fantasmas Dos Sith,8.6,114,Action,99.0
The Drunken Prodigy,5.6,15,Action,107.0
Oru Anveshanathinte Thudakkam,7.1,830,Action,181.0
Speed Fight,6.8,52,Action,87.0
Thankamani,4.6,229,Action,156.0
Surrender,7.8,15,Action,149.0
Blood Vendetta,7.7,235,Action,90.0
Reeza GTR,7.4,14,Action,91.0
Achilles Curse and the Curse of Treasure,7.4,24,Action,125.0
Bhimaa,5.1,1200,Action,141.0
Rebel,3.2,64,Action,100.0
Jigar,7.1,18,Action,122.0
The Yoshi Movie,7.7,12,Action,105.0
Best Cop Ever,4.3,49,Action,122.0
Sacrum Vindictae II,4.5,13,Action,114.0
Nothing Unusual,9.7,12,Action,92.0
Battling to Survive,7.0,52,Action,74.0
Kadakan,4.0,112,Action,128.0
Jurassic Exorcist,3.9,21,Action,76.0
Pushpaka Vimanam,5.6,16,Action,137.0
Oversteer,4.9,18,Action,86.0
Raju Gari Ammayi Naidu Gari Abbayi,8.5,3100,Action,158.0
Charlotte Link - Ohne Schuld,5.5,41,Action,89.0
Chinatown Chacha,5.1,55,Action,103.0
Hope & Glory,6.6,142,Action,44.0
Nasha Jurm Aur Gangsters,7.0,2400,Action,137.0
Babu,7.6,182,Action,142.0
Break War,2.4,14,Action,86.0
The Mystery of Humanoid Puppet,6.7,60,Action,88.0
Re Xue Ran Shao,4.2,17,Action,113.0
Agent 86,6.7,6,Action,87.0
Genis Aile 4: Cevahir & Ulvi,6.9,53,Action,90.0
La Tamalera,8.2,9,Action,115.0
Mobile Suit Gundam: Silver Phantom,6.1,13,Action,90.0
Tranquility: Ghost Stories,7.6,53,Action,88.0
Kamen Rider Geats: Jyamato Awaking,7.9,70,Action,54.0
Too Little Too Late,5.5,8,Action,66.0
Di Renjie: Tongtian xuan an,7.2,15,Action,85.0
The Journey of Flower,3.9,25,Action,97.0
The End of Hen,9.7,9,Action,67.0
Dreams,8.0,5,Action,106.0
Wilhelm Gustloff,8.7,8,Action,110.0
Usire Usire,7.5,1100,Action,151.0
Dhaaak,8.6,24,Action,128.0
Rooban,6.5,281,Action,125.0
El Duro,5.9,12,Action,90.0
Kiyma: Orman Kanunlari,4.3,35,Action,81.0
Halloween: Mal Eterno,8.2,224,Action,50.0
Dark World,4.5,14,Action,135.0
Lorry Chapter-1,5.8,2400,Action,183.0
Played,6.2,11,Action,96.0
Yentha Panichesav Chanti,9.5,85,Action,135.0
Firework,6.6,11,Action,60.0
Jiwa 8 Belas,5.0,19,Action,86.0
Death Game,5.2,14,Action,87.0
Shockwaves 2,2.8,146,Action,79.0
E-mail,5.4,805,Action,119.0
Vi possiamo salvare,2.7,102,Action,89.0
The Delegator,4.2,17,Action,96.0
Max Beyond,6.6,17,Action,93.0
Joy Hanu Man,8.9,25,Action,143.0
Ohsama Sentai King-Ohger vs. Donbrothers,6.8,36,Action,26.0
Shadows of Betrayal: Chronicles of Ian Blair,7.3,12,Action,65.0
Zhi Bao,5.7,17,Action,100.0
The Kills,8.8,8,Action,70.0
Operation Star,7.6,23,Action,102.0
Useful Idiots,7.8,13,Action,92.0
Seetha Kalyana Vaibhogame,8.6,2000,Action,146.0
Dheera Bhagat Roy,7.8,1100,Action,150.0
Operation Wakaliga: Fate and Blood,6.7,11,Action,66.0
Mirg,6.3,35,Action,83.0
Abnormal: Buas,5.6,26,Action,90.0
Gull Lake Vice II: The Delusion Continues,8.2,16,Action,58.0
Me and the Dragon's Daughter,5.2,10,Action,75.0
Dheera,8.0,1300,Action,123.0
Inexternal,3.2,19,Action,83.0
The SML YTP Movie 2: Dimension Trouble,8.3,13,Action,94.0
Pithala Maathi,7.8,848,Action,140.0
The Deal,8.8,25,Action,130.0
Serra das Almas,6.3,10,Action,120.0
The Domino File,4.7,7,Action,102.0
Common Creed: Trafficking,6.7,8,Action,106.0
Revenge,1.6,37,Action,127.0
Crypto Storm,4.7,32,Action,101.0
Seven Heroes Beat the Monster,6.8,51,Action,89.0
Atu Nuvve Itu Nuvve,7.0,11,Action,123.0
Nenu Keerthana,9.0,2100,Action,155.0
Inherited,9.5,21,Action,76.0
The Bottom Line,7.0,10,Action,107.0
Bullet,9.1,568,Action,131.0
Jimmy's Friends,7.0,10,Action,94.0
Opportunity,9.1,89,Action,96.0
Raja 420,6.1,21,Action,81.0
Ugravatara,7.9,552,Action,122.0
Skhvatka,5.2,23,Action,107.0
Runnin' from Wolves,7.2,10,Action,133.0
The Winter Prophecy,7.9,13,Action,52.0
S-99,8.7,2100,Action,119.0
Gally Gang Stars,9.0,2000,Action,157.0
Hocus Focus,7.9,19,Action,85.0
Kreem,6.8,128,Action,115.0
AK47,7.2,14,Action,146.0
Bloodlust,8.2,11,Action,97.0
Opasni shmatki,5.2,18,Action,92.0
Vorovka,4.9,48,Action,90.0
Mr. Natwarlal,7.6,778,Action,130.0
Vey Dharuvey,6.5,2300,Action,127.0
Urban Vengeance,5.2,11,Action,79.0
Passazhiry,4.6,31,Action,80.0
Sathyam,7.1,8,Action,134.0
Klaantha,6.2,518,Action,107.0
Big Brother,8.2,2000,Action,115.0
Bloody Escape,6.1,25,Action,100.0
Kohinoor,8.1,22,Action,119.0
Combat Code: Hunt,7.4,17,Action,76.0
Roudhra Rupaya,7.6,2000,Action,132.0
Warrior Awang and Master Tok Gajah,4.6,472,Action,118.0
Ajay Gadu,7.3,1000,Action,108.0
Daanvi,1.7,7,Action,117.0
El Junior Del Patron,8.2,5,Action,92.0
Cholay,8.7,54,Action,60.0
Piri Reis: The Incredible Chart,6.8,21,Action,138.0
Be Forever Yamato: Rebel 3199: Part 1: Dark Invasion,7.0,9,Action,50.0
Janna Endoro,8.1,15,Action,120.0
Mandya Haida,6.2,236,Action,139.0
The Overseas Killer,6.4,52,Action,104.0
Whispers of the Imperial City,6.8,53,Action,90.0
The ShortCut,7.8,1800,Action,138.0
Xiao zi,3.5,12,Action,101.0
Kaale Angrej,5.5,17,Action,131.0
Bad Ass Sista,6.9,8,Action,80.0
Duelo De Capos,7.6,14,Action,83.0
Leha,2.3,42,Action,98.0
SMB-plush presents trick or death,8.8,15,Action,120.0
Anger,8.8,18,Action,83.0
Give Me Babies,6.7,6,Action,23.0
"La Protegida, La Película",9.3,16,Action,67.0
Dhil Raja,8.7,136,Action,106.0
Kyle and the Last Emerald 2,8.4,7,Action,15.0
Krapiva: Tsvetok smerti,6.0,48,Action,81.0
Dirty Fellow,6.9,3800,Action,119.0
Guxim,7.7,34,Action,75.0
Po du xing dong,6.8,5,Action,79.0
Mahserin Üç Delisi,5.9,16,Action,78.0
Travesty,6.4,5,Action,78.0
Rudra: The Beginning,9.4,38,Action,135.0
Out of the Shadow,6.5,6,Action,89.0
Full Clip for a Snitch,3.9,18,Action,75.0
Los Hijos De Camelia y Emilio,7.4,14,Action,82.0
Pungut,6.7,11,Action,100.0
The Mirage,8.9,10,Action,106.0
Zen Fist,7.2,8,Action,45.0
Happy Dragons,4.9,9,Action,97.0
Lealtad o Morir,8.2,9,Action,87.0
Kallu Compound 1995,8.1,2000,Action,140.0
The Vent,8.9,14,Action,3.0
Sesh Bazi,6.2,10,Action,132.0
Killer Lee,1.9,9,Action,87.0
Spider-Man: Dimension Rift,8.4,13,Action,127.0
Luna de Hiel,6.0,6,Action,83.0
PW V: Tears of the Fallen,8.2,11,Action,60.0
Sehnsucht nach Firdaws,8.5,6,Action,103.0
StarGazer: The Need of the Many,5.0,9,Action,47.0
No Man Standing,8.6,11,Action,93.0
Jefa De Jefas,8.2,9,Action,82.0
War with the Evil,6.3,52,Action,85.0
Isle: Alpha One,8.4,7,Action,97.0
El Cartel De Teresa,8.0,9,Action,96.0
Bush Knife,7.0,7,Action,90.0
Bring Back the Colour,5.9,7,Action,47.0
Kyle and the Last Emerald,5.6,17,Action,20.0
Gadha17,8.0,11,Action,90.0
Siete Vidas - El Levanton,9.6,5,Action,45.0
Las Hermanas Del Cartel,8.2,5,Action,91.0
Moana 2,6.7,91000,Adventure,100.0
Flow,7.9,63000,Adventure,85.0
Twisters,6.5,162000,Adventure,122.0
Gladiator II,6.5,219000,Adventure,148.0
The Day the Earth Blew Up: A Looney Tunes Movie,7.0,2800,Adventure,91.0
Sonic the Hedgehog 3,6.9,54000,Adventure,110.0
Mufasa: The Lion King,6.6,49000,Adventure,118.0
Venom: The Last Dance,6.0,109000,Adventure,110.0
Dune: Part Two,8.5,615000,Adventure,166.0
Deadpool & Wolverine,7.6,482000,Adventure,128.0
Paddington in Peru,6.7,18000,Adventure,106.0
Furiosa: A Mad Max Saga,7.5,281000,Adventure,148.0
The Lord of the Rings: The War of the Rohirrim,6.3,28000,Adventure,134.0
Borderlands,4.7,46000,Adventure,101.0
Civil War,7.0,233000,Adventure,109.0
Despicable Me 4,6.2,63000,Adventure,94.0
Solo Leveling: ReAwakening,8.8,8800,Adventure,121.0
The Count of Monte-Cristo,7.6,33000,Adventure,178.0
Inside Out 2,7.5,212000,Adventure,96.0
Damsel,6.1,108000,Adventure,110.0
Transformers One,7.6,48000,Adventure,104.0
Red One,6.3,138000,Adventure,123.0
Kingdom of the Planet of the Apes,6.9,150000,Adventure,145.0
The Return,6.2,7600,Adventure,116.0
Freaky Tales,6.5,377,Adventure,106.0
Madame Web,4.0,99000,Adventure,116.0
Bad Boys: Ride or Die,6.5,98000,Adventure,115.0
Godzilla x Kong: The New Empire,6.1,120000,Adventure,115.0
Love Lies Bleeding,6.6,56000,Adventure,104.0
Ghostbusters: Frozen Empire,6.1,92000,Adventure,115.0
Night of the Zoopocalypse,6.3,357,Adventure,91.0
Wallace & Gromit: Vengeance Most Fowl,7.5,33000,Adventure,82.0
Uglies,4.7,32000,Adventure,100.0
Spaceman,5.7,42000,Adventure,107.0
Survive,4.6,2100,Adventure,90.0
Harold and the Purple Crayon,5.7,8000,Adventure,90.0
Kung Fu Panda 4,6.3,67000,Adventure,94.0
Attack on Titan the Movie: The Last Attack,9.2,14000,Adventure,145.0
The Garfield Movie,5.7,24000,Adventure,101.0
Kalki 2898 AD,7.0,66000,Adventure,180.0
Descendants: The Rise of Red,4.7,6900,Adventure,91.0
Atlas,5.6,55000,Adventure,118.0
Arthur the King,7.0,34000,Adventure,107.0
Spellbound,5.6,6600,Adventure,109.0
Rebel Moon - Part Two: The Scargiver,5.3,59000,Adventure,122.0
My Penguin Friend,6.7,4800,Adventure,97.0
Hitpig,5.1,856,Adventure,86.0
Winner,6.5,2300,Adventure,103.0
Monster Summer,5.7,3500,Adventure,97.0
No Way Up,4.6,10000,Adventure,90.0
Orion and the Dark,6.3,17000,Adventure,93.0
The Unholy Trinity,7.9,49,Adventure,93.0
A Sloth Story,5.6,188,Adventure,90.0
Family Pack,5.5,8800,Adventure,94.0
Megamind vs. The Doom Syndicate,2.5,5500,Adventure,83.0
The Best Christmas Pageant Ever,6.8,6000,Adventure,99.0
Lost on a Mountain in Maine,6.1,1100,Adventure,98.0
Justice League: Crisis on Infinite Earths - Part One,6.2,8400,Adventure,93.0
Justice League: Crisis on Infinite Earths - Part Three,6.1,4400,Adventure,94.0
Saving Bikini Bottom: The Sandy Cheeks Movie,3.7,3800,Adventure,82.0
River of Blood,5.4,1700,Adventure,86.0
The Empire,5.2,1200,Adventure,110.0
Bookworm,6.0,1800,Adventure,103.0
Sasquatch Sunset,5.4,5300,Adventure,88.0
Thelma the Unicorn,5.7,2900,Adventure,93.0
Hanu Man,7.7,29000,Adventure,158.0
Buffalo Kids,6.6,647,Adventure,93.0
Something in the Water,4.1,4500,Adventure,86.0
"I, the Executioner",6.3,1600,Adventure,118.0
Raqa,5.7,126,Adventure,107.0
The Price of Money: A Largo Winch Adventure,5.0,1100,Adventure,100.0
That Christmas,6.8,17000,Adventure,91.0
Badland Hunters,5.9,12000,Adventure,107.0
My Hero Academia: You're Next,7.0,1900,Adventure,110.0
Noah's Ark,4.3,629,Adventure,96.0
The Courier,6.0,4300,Adventure,101.0
Guest from the Future,6.0,1200,Adventure,141.0
The Goat Life,7.1,47000,Adventure,173.0
Manjummel Boys,8.2,27000,Adventure,135.0
The Tiger's Apprentice,5.7,2100,Adventure,84.0
The Wages of Fear,4.6,4100,Adventure,104.0
The Twisters,2.5,316,Adventure,86.0
Ultraman: Rising,6.9,6200,Adventure,117.0
Justice League: Crisis on Infinite Earths - Part Two,5.5,5200,Adventure,94.0
Doraemon the Movie: Nobita's Earth Symphony,6.6,1400,Adventure,115.0
Cult Killer,4.8,2700,Adventure,105.0
Angels Fallen: Warriors of Peace,4.9,5800,Adventure,103.0
The Lost Tiger,7.9,40,Adventure,90.0
Autumn and the Black Jaguar,5.6,973,Adventure,100.0
Operation Blood Hunt,3.4,464,Adventure,93.0
Woody Woodpecker Goes to Camp,4.5,2500,Adventure,100.0
Storm Crashers,6.3,551,Adventure,88.0
My Freaky Family,6.4,390,Adventure,86.0
Anaconda,4.9,605,Adventure,84.0
Golden Kamuy,6.3,2500,Adventure,127.0
Dragonkeeper,5.7,1600,Adventure,98.0
The Firing Squad,5.4,5000,Adventure,93.0
Dalia y el Libro Rojo,6.5,61,Adventure,107.0
No Chains No Masters,6.4,487,Adventure,98.0
Unspeakable: Beyond the Wall of Sleep,5.9,39,Adventure,90.0
Sixty Minutes,5.7,5100,Adventure,88.0
The Last Redemption,6.7,3400,Adventure,122.0
WWII: Operation Phoenix,6.6,63,Adventure,106.0
Demon Slayer: Kimetsu No Yaiba - To the Hashira Training,7.1,8300,Adventure,104.0
Crayon Shin-chan: Ora's Dinosaur Diary,6.5,318,Adventure,106.0
200% Wolf,6.0,1300,Adventure,98.0
Rebellious,6.0,169,Adventure,94.0
Saint-Exupéry,5.5,241,Adventure,98.0
Bambi: A Tale of Life in the Woods,5.7,154,Adventure,85.0
Escape,6.4,1900,Adventure,94.0
Man and Witch: The Dance of a Thousand Steps,5.5,327,Adventure,94.0
Devil's Knight,5.4,781,Adventure,90.0
Thangalaan,6.6,6500,Adventure,156.0
A.R.M,7.1,8600,Adventure,150.0
Panda Bear in Africa,5.5,310,Adventure,84.0
A Legend,4.7,864,Adventure,129.0
Overlord: The Sacred Kingdom,7.0,705,Adventure,135.0
Kanguva,4.5,14000,Adventure,152.0
Niko: Beyond the Northern Lights,6.2,310,Adventure,86.0
Cells at Work!,6.8,172,Adventure,109.0
Robin and the Hoods,4.3,504,Adventure,100.0
Never Look Away,7.2,250,Adventure,85.0
Eat the Night,6.2,423,Adventure,106.0
Spiders on a Plane,5.6,362,Adventure,78.0
Escape from the 21st Century,6.5,826,Adventure,98.0
Planetquake,3.0,283,Adventure,85.0
War of the Worlds: Extinction,3.0,182,Adventure,84.0
Barroz: Guardian of Treasures,3.5,959,Adventure,155.0
Roadkill,3.6,674,Adventure,90.0
Bade Miyan Chote Miyan,3.8,39000,Adventure,163.0
The Forest,6.5,20,Adventure,77.0
Meanwhile on Earth,6.0,878,Adventure,89.0
Ayalaan,6.0,4000,Adventure,155.0
All for One,1.2,612,Adventure,97.0
The Last Ronin,4.9,232,Adventure,115.0
Pimpinero: Blood and Oil,5.6,541,Adventure,121.0
Rally Caps,5.5,136,Adventure,100.0
Bionic,4.3,1700,Adventure,110.0
The Keepers of the 5 Kingdoms,4.1,217,Adventure,109.0
School of Magical Animals 3,5.9,299,Adventure,105.0
Memes & Nightmares,5.7,78,Adventure,81.0
The Last of Us: Immunity,6.3,13,Adventure,64.0
The Mountain,6.6,152,Adventure,89.0
Shrek 5: The Contract - A Fan Made Film,7.0,18,Adventure,84.0
My Fathers' Daughter,6.6,71,Adventure,78.0
No Time to Spy: A Loud House Movie,6.4,438,Adventure,81.0
The Kingdom,7.9,85,Adventure,133.0
Bureau 749,4.1,504,Adventure,123.0
A Trip Elsewhere,5.5,97,Adventure,93.0
The Slave and the Sorcerer,6.7,38,Adventure,86.0
Treasure Trackers,5.8,158,Adventure,92.0
Going Viral,6.8,50,Adventure,90.0
Dongeng Sang Kancil,8.3,80,Adventure,99.0
Gladiators,6.4,37,Adventure,95.0
Return to Wickensburg,4.7,25,Adventure,88.0
Chico Bento e a Goiabeira Maraviosa,7.6,680,Adventure,90.0
The Phantom Warrior,2.4,553,Adventure,119.0
The Casagrandes Movie,5.6,657,Adventure,89.0
Satu - Year of the Rabbit,9.3,50,Adventure,93.0
Z-Mom,4.7,43,Adventure,90.0
"Maya, donne-moi un titre",6.4,48,Adventure,61.0
One Million Babes BC,3.3,36,Adventure,75.0
Fox & Hare Save the Forest,5.9,193,Adventure,71.0
Its Name Was Mormo,3.6,113,Adventure,93.0
Witch Hunter,5.2,23,Adventure,80.0
Mobile Suit Gundam SEED Freedom,6.6,930,Adventure,124.0
Ghost Island,7.1,43,Adventure,95.0
Odio el verano,5.1,554,Adventure,103.0
My Oni Girl,6.0,1700,Adventure,112.0
Trifole,7.5,45,Adventure,100.0
The Big Trip 3: Race Around the World,5.7,51,Adventure,85.0
Elli and the Ghostly Ghost Train,5.0,89,Adventure,86.0
Gracie and Pedro: Pets to the Rescue,5.1,261,Adventure,87.0
Fuuto PI: Portrait of Kamen Rider Skull,7.6,31,Adventure,82.0
Kodaikanal,9.2,68,Adventure,173.0
Letuchiy korabl,3.8,291,Adventure,100.0
Five Friends,6.7,858,Adventure,112.0
The Adventures of Jurassic Pet: Return to the Wild,5.5,54,Adventure,90.0
Bremenskie muzykanty,4.6,662,Adventure,115.0
Rocky Road to Berlin,7.2,1300,Adventure,104.0
Captain Miller,6.5,8600,Adventure,157.0
Empire Queen: The Golden Age of Magic,3.2,204,Adventure,148.0
Earthquake Underground,3.3,191,Adventure,83.0
Little Emma,5.7,103,Adventure,106.0
Hain,2.9,45,Adventure,95.0
Major Grom: The Game,6.1,1800,Adventure,168.0
Zak & Wowo: The Legend of Lendarys,5.7,87,Adventure,85.0
Kalvan,5.6,984,Adventure,142.0
Buddy,3.8,340,Adventure,137.0
Game On,2.6,348,Adventure,85.0
Gaami,6.4,2000,Adventure,147.0
The Epidemic,5.8,69,Adventure,95.0
Diving Into the Darkness,9.1,82,Adventure,96.0
Kvitebjørn,5.9,53,Adventure,85.0
Abudeka Is Back,5.3,31,Adventure,120.0
Amazon Bullseye,5.3,185,Adventure,113.0
Vertical,5.2,119,Adventure,111.0
Teenz,4.5,861,Adventure,122.0
Jathara,6.4,1100,Adventure,129.0
Formed Police Unit,4.6,473,Adventure,120.0
Powder Pup,6.2,73,Adventure,89.0
I Heart Robots,4.6,2300,Adventure,76.0
At Her Feet,7.5,40,Adventure,100.0
Oculus,6.0,15,Adventure,113.0
Tay 2: Ebabil Takimi,5.5,36,Adventure,78.0
Seven Seas Seven Hills,8.7,86,Adventure,90.0
Historia de pastores,5.6,28,Adventure,80.0
Stinky Summer,5.9,45,Adventure,90.0
Goldbeak,4.9,127,Adventure,94.0
Dead Dead Demon's Dededede Destruction,7.0,139,Adventure,120.0
Tri kota. Zimnie kanikuly,6.1,27,Adventure,65.0
Un lío de millones,6.0,50,Adventure,91.0
Marianengraben,7.6,71,Adventure,87.0
Yaren Leylek,5.9,26,Adventure,95.0
Bull Shark 3,3.6,72,Adventure,76.0
Jurassic Triangle,2.5,277,Adventure,84.0
Death Game,6.3,24,Adventure,88.0
Tracing the Divide,8.7,162,Adventure,84.0
Captain Avispa,5.8,172,Adventure,96.0
The Worlds Divide,8.0,36,Adventure,120.0
Road Wars: Max Fury,2.0,349,Adventure,83.0
Baba Yaga spasaet Novyy god,4.4,113,Adventure,99.0
Sunlight,7.9,17,Adventure,96.0
Cazatesoros,6.6,25,Adventure,106.0
Naa Saami Ranga,4.5,1200,Adventure,150.0
Yolki 11,4.6,165,Adventure,92.0
Gepack,6.6,360,Adventure,97.0
Daye: Seret ahl el Daye,7.8,15,Adventure,104.0
Nintama Rantaro Dokutake Ninja-tai Saikyou no Gunshi,6.8,14,Adventure,90.0
Dünya Varmis,7.4,49,Adventure,100.0
My Redneck Neighbor: Chapter 1 - The Rednecks Are Coming,5.0,7,Adventure,74.0
Wonderful Precure! The Movie! Doki Doki Game no Sekai de Daiboken,6.8,28,Adventure,71.0
Dragon Ball Z Kai,8.4,66,Adventure,82.0
Mong Vuot,5.3,116,Adventure,96.0
Arctic Hollow,2.3,179,Adventure,70.0
Next to Us,4.9,220,Adventure,125.0
The Traveller,5.2,203,Adventure,134.0
The Star City Murders,4.1,141,Adventure,79.0
Luigi's Mansion,6.0,17,Adventure,60.0
Spirit Riser,6.7,33,Adventure,98.0
Taklee Genesis x Worlds Collide,5.5,388,Adventure,146.0
Birds Flying East,5.8,560,Adventure,100.0
Si Juki the Movie: Harta Pulau Monyet,6.0,115,Adventure,107.0
Sam and Colby: The Legends of the Paranormal,4.8,303,Adventure,98.0
Tulang Belulang Tulang,7.0,39,Adventure,95.0
Turma da Mônica Jovem: Reflexos do Medo,2.8,255,Adventure,88.0
Appu,8.6,181,Adventure,92.0
Friendly Fire,6.6,30,Adventure,105.0
LasseMajas detektivbyrå - Maskoten som försvann,6.0,54,Adventure,90.0
Ahl Al Kahf,5.2,238,Adventure,120.0
Six Nine Five (695),7.0,705,Adventure,137.0
Masha i Medved v kino: Park chudes,7.0,16,Adventure,58.0
Askepote,3.5,80,Adventure,72.0
Ognivo,5.4,216,Adventure,105.0
Rocky and Bullwinkle,9.2,12,Adventure,100.0
Troy the Bharat Putra,5.5,31,Adventure,134.0
Permafrost,5.7,112,Adventure,80.0
Tipppsy,8.1,32,Adventure,115.0
Håkan Bråkan 2,5.4,130,Adventure,92.0
Dünya Mali: Eksi Bir,7.2,16,Adventure,133.0
This Land of Mine,8.0,5,Adventure,90.0
Kaizen,7.3,639,Adventure,160.0
The Secret of Pin-Up Island,7.4,92,Adventure,107.0
A Christmas Carol,9.8,11,Adventure,39.0
Vikaasaparva,8.7,540,Adventure,134.0
Stranded Pearl,6.0,27,Adventure,90.0
The Very Last Christmas,8.5,11,Adventure,75.0
Joachim and the Apocalypse,7.2,13,Adventure,90.0
The Trail,7.2,19,Adventure,80.0
Güzel Bir Rüya,4.9,41,Adventure,79.0
Advent,7.5,6,Adventure,119.0
Surge of Power: Where There's Smoke,6.5,13,Adventure,68.0
Transformers Prime: Galavatron's Revenge,3.0,5,Adventure,104.0
Mountain Boy,8.2,17,Adventure,93.0
Steal the Naughty List,6.6,114,Adventure,90.0
Xibalba Monster,6.0,20,Adventure,76.0
Kade,6.5,15,Adventure,92.0
Die Chaosschwestern und Pinguin Paul,5.7,66,Adventure,100.0
Tokusou Sentai Dekaranger 20th: Fireball Booster,7.1,29,Adventure,50.0
Samaya bolshaya luna,2.4,128,Adventure,105.0
Two Breaths,8.1,21,Adventure,18.0
Triple 7: They Said It Couldn't Be Done,8.5,13,Adventure,97.0
Zoloto Umalty,5.0,105,Adventure,109.0
Fights Break Sphere 3,4.7,8,Adventure,81.0
Dikkie Dik 2: Een Nieuwe Vriend voor Dikkie Dik,7.4,71,Adventure,70.0
The Eye of the Salamander,7.9,20,Adventure,81.0
Yasmeen's Element,7.6,20,Adventure,76.0
The Umbrella Fairy,5.5,48,Adventure,95.0
"Silex and the City, le film",4.9,47,Adventure,77.0
Chernyy zamok,7.8,17,Adventure,115.0
Dead Dead Demon's Dededede Destruction Zenpen,7.0,136,Adventure,120.0
Igrisca ne damo!,6.9,26,Adventure,79.0
Chhota Bheem and the Curse of Damyaan,4.8,2300,Adventure,145.0
Benjamin Bat,8.1,28,Adventure,75.0
Cândido,6.3,58,Adventure,99.0
The Backrooms,6.2,7,Adventure,63.0
Heavens: The Boy and His Robot,6.3,21,Adventure,98.0
Shanghai Story,8.1,55,Adventure,71.0
Bratya,2.8,113,Adventure,103.0
Piraty galaktiki Barrakuda,4.4,79,Adventure,92.0
Jaunt,8.4,7,Adventure,78.0
Mama,8.5,7,Adventure,100.0
Dikkie Dik en de Verdwenen Knuffel,7.2,127,Adventure,62.0
Vasilisa i khraniteli vremeni,3.1,66,Adventure,98.0
The Yoshi Movie,7.7,12,Adventure,105.0
Oyunda Kal: Eglence Arenasi,2.7,35,Adventure,92.0
Nothing Unusual,9.7,12,Adventure,92.0
Manyunya. Priklyucheniya v derevne,5.9,115,Adventure,84.0
Moy dikiy drug,6.7,52,Adventure,100.0
Mai Martaba,4.8,9,Adventure,86.0
Anytime,8.9,20,Adventure,62.0
Tri bogatyrya. Ni dnya bez podviga,5.7,62,Adventure,61.0
No More Trouble - Cosa rimane di una tempesta,8.4,17,Adventure,97.0
Hope & Glory,6.6,142,Adventure,44.0
Tur s Ivanushkami,5.3,157,Adventure,111.0
Mobile Suit Gundam: Silver Phantom,6.1,13,Adventure,90.0
BAM!,7.2,27,Adventure,80.0
Bar MoskvaChiki,5.2,100,Adventure,91.0
De Legende van Familie Vos,5.7,58,Adventure,81.0
Longe da Estrada,6.0,9,Adventure,68.0
Wilhelm Gustloff,8.7,8,Adventure,110.0
Pui Pui Molcar the Movie: Molmax,7.0,7,Adventure,69.0
Kiyma: Orman Kanunlari,4.3,35,Adventure,81.0
Manyunya. Priklyucheniya v Moskve,5.6,109,Adventure,87.0
Poklad,4.6,34,Adventure,100.0
Moy lyubimyy chempion,2.3,419,Adventure,95.0
The Ballad of Straw Hat Sam,9.2,10,Adventure,45.0
Adam i Eva,5.1,92,Adventure,95.0
Il ricercatore,5.8,7,Adventure,71.0
Shadows of Betrayal: Chronicles of Ian Blair,7.3,12,Adventure,65.0
Operation Wakaliga: Fate and Blood,6.7,11,Adventure,66.0
"Fallen Leaves, Broken Lighters",7.7,7,Adventure,96.0
Petualangan Anak Penangkap Hantu,6.0,24,Adventure,99.0
Goodbye Hamdi,6.2,8,Adventure,85.0
Lo carga el diablo,7.6,22,Adventure,104.0
Pirates & Slaves,5.8,6,Adventure,53.0
Suchana,9.0,527,Adventure,90.0
The Last Five Days: The Freak Building,3.8,58,Adventure,61.0
Mesken (Messuage),7.5,36,Adventure,102.0
Wonderland,6.8,12,Adventure,120.0
The Bigfoot Prophecy,4.8,23,Adventure,117.0
Novyy god v Beryozovke,7.1,98,Adventure,94.0
Boom!,8.3,10,Adventure,90.0
Tayna Chyornoy Ruki,5.7,22,Adventure,84.0
YA - medved,4.9,61,Adventure,97.0
V potoke trekh stikhiy,5.3,40,Adventure,85.0
Frankenstein Theater: The Magic Sword,4.4,22,Adventure,82.0
"Poymay sobaku, esli smozhesh",3.5,36,Adventure,96.0
Applepictures the Poseidon Legacy,6.4,19,Adventure,84.0
Antarctic Voyage,6.8,6,Adventure,48.0
Dandelion,8.9,9,Adventure,95.0
Warrior Awang and Master Tok Gajah,4.6,472,Adventure,118.0
Piri Reis: The Incredible Chart,6.8,21,Adventure,138.0
Whites Only: Ade's Extremist Adventure,7.0,27,Adventure,65.0
Luccas e Gi em: Dinossauros,3.5,27,Adventure,91.0
Let's Go! Anpanman: Baikinman and Lulun,6.5,7,Adventure,64.0
Turbozavry. God drakona,9.2,42,Adventure,48.0
Ngesot,4.8,18,Adventure,87.0
Colour Palette,9.0,23,Adventure,87.0
Dracu Ra,5.5,34,Adventure,106.0
Chyortov kamen,6.4,9,Adventure,105.0
Abar Arownne Din Ratri,7.8,7,Adventure,111.0
Mukhadrakon,5.3,16,Adventure,109.0
Kyle and the Last Emerald 2,8.4,7,Adventure,15.0
Suvorovets 1944,5.6,8,Adventure,90.0
Banana Boat,5.7,19,Adventure,78.0
Selebryata,3.6,20,Adventure,93.0
Príncipe Lu e a Lenda do Dragão,4.2,27,Adventure,90.0
LUDA,7.2,6,Adventure,86.0
Skazochnyy patrul. Shou prodolzhayetsya,7.2,11,Adventure,65.0
PW V: Tears of the Fallen,8.2,11,Adventure,60.0
Beyond existence,5.8,10,Adventure,95.0
Sehnsucht nach Firdaws,8.5,6,Adventure,103.0
StarGazer: The Need of the Many,5.0,9,Adventure,47.0
I'm Professional,3.7,8,Adventure,95.0
Okhota na russkogo geniya,2.6,7,Adventure,71.0
Isle: Alpha One,8.4,7,Adventure,97.0
The Kingfish 2,7.9,10,Adventure,72.0
The Blinkless,7.8,12,Adventure,59.0
Gostya iz kosmosa,8.5,6,Adventure,70.0
Beyaz Zenciler: Yapim Asamasi,8.6,5,Adventure,55.0
Lajjpal,9.0,8,Adventure,252.0
Moana 2,6.7,91000,Animation,100.0
Flow,7.9,63000,Animation,85.0
The Day the Earth Blew Up: A Looney Tunes Movie,7.0,2800,Animation,91.0
Mufasa: The Lion King,6.6,49000,Animation,118.0
The Wild Robot,8.2,154000,Animation,102.0
The Lord of the Rings: The War of the Rohirrim,6.3,28000,Animation,134.0
Despicable Me 4,6.2,63000,Animation,94.0
Solo Leveling: ReAwakening,8.8,8800,Animation,121.0
Inside Out 2,7.5,212000,Animation,96.0
IF,6.4,57000,Animation,104.0
Memoir of a Snail,7.8,16000,Animation,95.0
Transformers One,7.6,48000,Animation,104.0
Night of the Zoopocalypse,6.3,357,Animation,91.0
Wallace & Gromit: Vengeance Most Fowl,7.5,33000,Animation,82.0
Spermageddon,5.8,637,Animation,80.0
Harold and the Purple Crayon,5.7,8000,Animation,90.0
Kung Fu Panda 4,6.3,67000,Animation,94.0
Attack on Titan the Movie: The Last Attack,9.2,14000,Animation,145.0
The Garfield Movie,5.7,24000,Animation,101.0
Spellbound,5.6,6600,Animation,109.0
Watchmen: Chapter I,7.0,6300,Animation,83.0
Look Back,7.8,14000,Animation,58.0
Hitpig,5.1,856,Animation,86.0
Piece by Piece,6.9,5200,Animation,93.0
The Most Precious of Cargoes,7.2,769,Animation,81.0
Orion and the Dark,6.3,17000,Animation,93.0
Grand Theft Hamlet,6.9,1600,Animation,89.0
A Sloth Story,5.6,188,Animation,90.0
Megamind vs. The Doom Syndicate,2.5,5500,Animation,83.0
Watchmen: Chapter II,7.0,2800,Animation,90.0
Justice League: Crisis on Infinite Earths - Part One,6.2,8400,Animation,93.0
Justice League: Crisis on Infinite Earths - Part Three,6.1,4400,Animation,94.0
Saving Bikini Bottom: The Sandy Cheeks Movie,3.7,3800,Animation,82.0
The Remarkable Life of Ibelin,8.2,12000,Animation,103.0
Thelma the Unicorn,5.7,2900,Animation,93.0
Buffalo Kids,6.6,647,Animation,93.0
That Christmas,6.8,17000,Animation,91.0
My Hero Academia: You're Next,7.0,1900,Animation,110.0
Noah's Ark,4.3,629,Animation,96.0
The Tiger's Apprentice,5.7,2100,Animation,84.0
Ultraman: Rising,6.9,6200,Animation,117.0
The Colors Within,7.1,841,Animation,101.0
The Glassworker,7.5,1600,Animation,98.0
Justice League: Crisis on Infinite Earths - Part Two,5.5,5200,Animation,94.0
Doraemon the Movie: Nobita's Earth Symphony,6.6,1400,Animation,115.0
The Lost Tiger,7.8,41,Animation,90.0
10 Lives,5.9,1900,Animation,88.0
Woody Woodpecker Goes to Camp,4.5,2500,Animation,100.0
Dan Da Dan: First Encounter,8.2,2600,Animation,83.0
Storm Crashers,6.3,551,Animation,88.0
Mononoke the Movie: The Phantom in the Rain,6.8,1200,Animation,89.0
My Freaky Family,6.4,390,Animation,86.0
Dragonkeeper,5.7,1600,Animation,98.0
Dalia y el Libro Rojo,6.5,61,Animation,107.0
Limonov: The Ballad of Eddie,6.0,746,Animation,138.0
Frida,7.5,1500,Animation,87.0
Re: Zero - Starting Life in Another World- Season 3 Episode 1 90-minute Special 'Theatrical Malice',8.8,1000,Animation,90.0
Demon Slayer: Kimetsu No Yaiba - To the Hashira Training,7.1,8300,Animation,104.0
Mars,8.9,19,Animation,84.0
Savages,7.0,275,Animation,87.0
Crayon Shin-chan: Ora's Dinosaur Diary,6.5,318,Animation,106.0
200% Wolf,6.0,1300,Animation,98.0
Rebellious,6.0,169,Animation,94.0
Johnny Puff: Secret Mission,4.8,438,Animation,87.0
The Night Before Christmas in Wonderland,6.3,509,Animation,80.0
Haikyu!! The Dumpster Battle,7.7,6000,Animation,85.0
Panda Bear in Africa,5.5,310,Animation,84.0
Blue Lock: Episode Nagi,6.6,2400,Animation,91.0
Ryan's World the Movie: Titan Universe Adventure,1.8,659,Animation,80.0
From Ground Zero,7.9,505,Animation,112.0
Overlord: The Sacred Kingdom,7.0,705,Animation,135.0
Niko: Beyond the Northern Lights,6.2,310,Animation,86.0
Baki Hanma VS Kengan Ashura,5.7,1900,Animation,62.0
Ghost Cat Anzu,6.5,724,Animation,97.0
Movie Given Hiiragi Mix.,7.4,139,Animation,70.0
White Snake: Afloat,6.9,436,Animation,133.0
Super-Charlie,5.8,109,Animation,80.0
Out of the Nest,7.4,104,Animation,84.0
Shrek 5: The Contract - A Fan Made Film,7.0,18,Animation,84.0
No Time to Spy: A Loud House Movie,6.4,438,Animation,81.0
The Quintessential Quintuplets Specials 2,7.1,114,Animation,46.0
Exorcism Chronicles: The Beginning,7.0,73,Animation,85.0
Dongeng Sang Kancil,8.3,80,Animation,99.0
Lesbian Space Princess,8.0,99,Animation,87.0
The Casagrandes Movie,5.6,657,Animation,89.0
"Maya, donne-moi un titre",6.4,48,Animation,61.0
Given 3: To the Sea,8.4,11,Animation,80.0
Sabbath Queen,8.0,59,Animation,105.0
Fox & Hare Save the Forest,5.9,193,Animation,71.0
Boys Go to Jupiter,6.9,92,Animation,90.0
Detective Conan: The Million-Dollar Pentagram,6.7,1400,Animation,111.0
Mobile Suit Gundam SEED Freedom,6.6,930,Animation,124.0
Diplodocus,6.4,159,Animation,90.0
My Oni Girl,6.0,1700,Animation,112.0
The Big Trip 3: Race Around the World,5.7,51,Animation,85.0
Elli and the Ghostly Ghost Train,5.0,89,Animation,86.0
Rock Bottom,7.0,39,Animation,86.0
"Die Heinzels: Neue Mützen, Neue Mission",6.4,74,Animation,76.0
Sanatorium Under the Sign of the Hourglass,5.3,90,Animation,75.0
Gracie and Pedro: Pets to the Rescue,5.1,261,Animation,87.0
Fuuto PI: Portrait of Kamen Rider Skull,7.6,31,Animation,82.0
Bocchi the Rock! Re:,7.5,143,Animation,90.0
Jon Vardar protiv Galaksijata,8.7,62,Animation,86.0
"Robotia, the Movie",8.2,22,Animation,86.0
Xiong Shi Shao Nian 2,7.5,191,Animation,134.0
Little Emma,5.7,103,Animation,106.0
Zak & Wowo: The Legend of Lendarys,5.7,87,Animation,85.0
Uma Musume: Pretty Derby - Beginning of a New Era,7.4,110,Animation,108.0
Kvitebjørn,5.9,53,Animation,85.0
Tay 2: Ebabil Takimi,5.5,36,Animation,78.0
Mariposas Negras,7.0,47,Animation,83.0
Kizumonogatari: Koyomi Vamp,7.0,82,Animation,144.0
Living Large,7.7,101,Animation,80.0
Goldbeak,4.9,127,Animation,94.0
Dead Dead Demon's Dededede Destruction,7.0,139,Animation,120.0
Le parfum d'Irak,8.1,38,Animation,95.0
Tri kota. Zimnie kanikuly,6.1,27,Animation,65.0
Schirkoa: In Lies We Trust,5.6,154,Animation,103.0
Olivia & the Clouds,7.2,44,Animation,81.0
The Storm,6.1,137,Animation,102.0
Hola Frida,7.4,22,Animation,82.0
Captain Avispa,5.8,172,Animation,96.0
The Worlds Divide,8.0,36,Animation,120.0
Bocchi the Rock! Re: Re:,7.9,87,Animation,77.0
Slocum et moi,7.4,66,Animation,75.0
Peppa's Cinema Party,5.0,153,Animation,65.0
Angelo dans la forêt mystérieuse,6.0,109,Animation,81.0
Fureru,6.4,23,Animation,107.0
Nintama Rantaro Dokutake Ninja-tai Saikyou no Gunshi,6.8,14,Animation,90.0
The Proud Princess,7.2,101,Animation,84.0
Boonie Bears: Time Twist,6.0,162,Animation,105.0
SuperKlaus,4.3,196,Animation,88.0
Yumi's Cells: The Movie,6.2,48,Animation,93.0
Wonderful Precure! The Movie! Doki Doki Game no Sekai de Daiboken,6.8,28,Animation,71.0
Dragon Ball Z Kai,8.4,66,Animation,82.0
Si Juki the Movie: Harta Pulau Monyet,6.0,115,Animation,107.0
Trapezium,6.4,139,Animation,102.0
Nie Xiaoqian,6.4,16,Animation,112.0
Appu,8.6,181,Animation,92.0
Masha i Medved v kino: Park chudes,7.0,16,Animation,58.0
Askepote,3.5,80,Animation,72.0
Rocky and Bullwinkle,9.2,12,Animation,100.0
Il segreto di Liberato,7.3,212,Animation,90.0
Transformers: 40th Anniversary Event,7.2,28,Animation,96.0
Quo Vadis,6.6,331,Animation,90.0
PAPmusic - Animation for Fashion,1.0,128,Animation,85.0
Norbert,6.6,11,Animation,75.0
A Few Moments of Cheers,7.5,23,Animation,68.0
Into the Mortal World,6.8,143,Animation,118.0
Mustafa,6.9,72,Animation,75.0
Double Tuckerr,5.0,1200,Animation,120.0
Kuramerukagari,5.8,79,Animation,61.0
Transformers Prime: Galavatron's Revenge,3.0,5,Animation,104.0
Steal the Naughty List,6.6,114,Animation,90.0
Maxxie LaWow: Drag Super-shero,8.9,55,Animation,114.0
Dikkie Dik 2: Een Nieuwe Vriend voor Dikkie Dik,7.4,71,Animation,70.0
Lilla spöket Laban spökar igen,6.1,24,Animation,44.0
The Umbrella Fairy,5.5,48,Animation,95.0
"Silex and the City, le film",4.9,47,Animation,77.0
Rocket Club: Across the Cosmos,8.2,18,Animation,68.0
Dead Dead Demon's Dededede Destruction Zenpen,7.0,136,Animation,120.0
Day of the Diesels,7.2,9,Animation,100.0
Code Geass: Rozé of the Recapture - Part 1,7.9,40,Animation,74.0
Inanimate Insanity II: The Movie,8.3,226,Animation,106.0
Benjamin Bat,8.1,28,Animation,75.0
Tobias and the Arcane Merchant,9.0,42,Animation,167.0
Abá e Sua Banda,7.9,7,Animation,84.0
Motu Patlu & The Rise of Zombies,6.6,15,Animation,74.0
Dikkie Dik en de Verdwenen Knuffel,7.2,127,Animation,62.0
Riki Rhino: The Bird Kingdom,4.8,23,Animation,109.0
Animal Tales of Christmas Magic,6.8,50,Animation,72.0
"Hey, Tete",6.4,9,Animation,151.0
Nothing Unusual,9.7,12,Animation,92.0
Formula vody,4.3,27,Animation,86.0
Bob a Bobek ve filmu: Na stope Mrkvojeda,8.7,18,Animation,80.0
Hello My Beautiful Creatures,6.8,169,Animation,142.0
Motu Patlu & The Race to the Diamond Valley,7.8,27,Animation,72.0
Uma & Haggen: Mitos,7.5,45,Animation,94.0
Tri bogatyrya. Ni dnya bez podviga,5.7,62,Animation,61.0
The Greatest Surf Movie in the Universe,5.4,8,Animation,81.0
Rafadan Tayfa: Kapadokya,6.8,113,Animation,84.0
Mobile Suit Gundam: Silver Phantom,6.1,13,Animation,90.0
Pui Pui Molcar the Movie: Molmax,7.0,7,Animation,69.0
TWST: Things We Said Today,6.9,43,Animation,86.0
The Ballad of Straw Hat Sam,9.2,10,Animation,45.0
Meitantei Conan Bâsasu Kaitô Kiddo,6.2,152,Animation,81.0
The Delegator,4.2,17,Animation,96.0
Max Beyond,6.6,17,Animation,93.0
Astra,6.8,8,Animation,80.0
Love Live! Nijigasaki High School Idol Club Final Chapter Part 1,6.6,8,Animation,59.0
Sunburnt Unicorn,7.4,9,Animation,81.0
Luv You Shankar,5.8,43,Animation,120.0
Code Geass: Rozé of the Recapture: Part 2,8.0,26,Animation,76.0
The Car Acrobatic Team Saga,8.0,9,Animation,112.0
Ugly Sweater,7.1,13,Animation,80.0
Sirds likums,6.8,17,Animation,65.0
Bloody Escape,6.1,25,Animation,100.0
Pleasant Goat and Big Big Wolf: The World Guardians,7.0,11,Animation,96.0
Bizarros Peixes das Fossas Abissais,8.4,8,Animation,75.0
Terra Incognita 1901,9.2,13,Animation,78.0
Code Geass: Rozé of the Recapture: Part 3,7.6,23,Animation,76.0
Let's Go! Anpanman: Baikinman and Lulun,6.5,7,Animation,64.0
Be Forever Yamato: Rebel 3199: Part 1: Dark Invasion,7.0,9,Animation,50.0
Arne Alligator och djungelkompisarna,4.6,48,Animation,61.0
Ya Boy Kongming! Road to Summer Sonia,7.5,38,Animation,119.0
Uma Musume: Pretty Derby - Road to the Top,6.0,6,Animation,98.0
Turbozavry. God drakona,9.2,42,Animation,48.0
Babaee-ye Ghahreman,8.6,37,Animation,80.0
Nasreddin Hoca: Zaman Yolcusu - Kadim Medeniyetler,7.7,12,Animation,78.0
Code Geass: Rozé of the Recapture: Part 4,6.8,13,Animation,70.0
Zuzubalândia: O Filme,5.6,10,Animation,60.0
Velký Pán,7.0,8,Animation,73.0
2475 Dawn of Revolution,6.3,152,Animation,127.0
LUDA,7.2,6,Animation,86.0
Ekip: Siberay - Günes Firtinasi,6.0,14,Animation,72.0
Skazochnyy patrul. Shou prodolzhayetsya,7.2,11,Animation,65.0
Bie ba zuo wen dang hui shi er,7.2,10,Animation,89.0
Isle: Alpha One,8.4,7,Animation,97.0
Ninja Doomscrolling,8.1,102,Animation,96.0
Moana 2,6.7,92000,fantasy,100.0
Wicked,7.5,146000,fantasy,160.0
Nosferatu,7.3,182000,fantasy,132.0
Flow,7.9,63000,fantasy,85.0
Sonic the Hedgehog 3,6.9,54000,fantasy,110.0
Mufasa: The Lion King,6.6,49000,fantasy,118.0
Better Man,7.6,23000,fantasy,135.0
Parthenope,6.6,9600,fantasy,137.0
The Lord of the Rings: The War of the Rohirrim,6.3,28000,fantasy,134.0
Megalopolis,4.7,35000,fantasy,138.0
Solo Leveling: ReAwakening,8.8,8900,fantasy,121.0
Beetlejuice Beetlejuice,6.7,144000,fantasy,105.0
Inside Out 2,7.5,212000,fantasy,96.0
The Life of Chuck,7.7,465,fantasy,110.0
Damsel,6.1,108000,fantasy,110.0
The Watchers,5.7,56000,fantasy,102.0
The Crow,4.7,33000,fantasy,111.0
IF,6.4,57000,fantasy,104.0
Transformers One,7.6,48000,fantasy,104.0
Red One,6.3,138000,fantasy,123.0
Godzilla x Kong: The New Empire,6.1,120000,fantasy,115.0
Ghostbusters: Frozen Empire,6.1,92000,fantasy,115.0
Uglies,4.7,32000,fantasy,100.0
Harold and the Purple Crayon,5.7,8000,fantasy,90.0
Kung Fu Panda 4,6.3,67000,fantasy,94.0
The Garfield Movie,5.7,24000,fantasy,101.0
Kalki 2898 AD,7.0,66000,fantasy,180.0
Descendants: The Rise of Red,4.7,6900,fantasy,91.0
Spellbound,5.6,6600,fantasy,109.0
Rebel Moon - Part Two: The Scargiver,5.3,59000,fantasy,122.0
This Is Me... Now,4.1,7100,fantasy,65.0
The End,5.5,1600,fantasy,148.0
Irish Wish,5.2,21000,fantasy,93.0
Girl Haunts Boy,6.3,2800,fantasy,100.0
Monster Summer,5.7,3500,fantasy,97.0
The Tearsmith,5.2,12000,fantasy,103.0
Hagen,6.1,1100,fantasy,139.0
The American Society of Magical Negroes,3.7,12000,fantasy,104.0
Orion and the Dark,6.3,17000,fantasy,93.0
The Wonderful Story of Henry Sugar and Three More,7.1,6300,fantasy,88.0
Bhool Bhulaiyaa 3,4.7,77000,fantasy,158.0
Family Pack,5.5,8800,fantasy,94.0
The Best Christmas Pageant Ever,6.8,6000,fantasy,99.0
Justice League: Crisis on Infinite Earths - Part One,6.2,8400,fantasy,93.0
Justice League: Crisis on Infinite Earths - Part Three,6.1,4400,fantasy,94.0
Saving Bikini Bottom: The Sandy Cheeks Movie,3.7,3800,fantasy,82.0
Dear Santa,5.4,18000,fantasy,107.0
The Balconettes,6.3,762,fantasy,104.0
Thelma the Unicorn,5.7,2900,fantasy,93.0
Pedro Páramo,6.3,2900,fantasy,130.0
Hanu Man,7.7,29000,fantasy,158.0
Buffalo Kids,6.6,647,fantasy,93.0
The Thundermans Return,5.0,1800,fantasy,70.0
Hot Frosty,5.3,15000,fantasy,92.0
The Sand Castle,4.7,1600,fantasy,98.0
Seven Cemeteries,4.5,522,fantasy,84.0
That Christmas,6.8,17000,fantasy,91.0
Woodwalkers,5.3,367,fantasy,103.0
The Tiger's Apprentice,5.7,2100,fantasy,84.0
Ultraman: Rising,6.9,6200,fantasy,117.0
Cinderella's Curse,3.3,1300,fantasy,82.0
Timestalker,5.5,2900,fantasy,89.0
Justice League: Crisis on Infinite Earths - Part Two,5.5,5200,fantasy,94.0
Doraemon the Movie: Nobita's Earth Symphony,6.6,1400,fantasy,115.0
Angels Fallen: Warriors of Peace,4.9,5800,fantasy,103.0
The Lost Tiger,7.8,41,fantasy,90.0
A Dog's Will 2,6.3,2800,fantasy,104.0
10 Lives,5.9,1900,fantasy,88.0
Woody Woodpecker Goes to Camp,4.5,2500,fantasy,100.0
Cinderella's Revenge,3.7,1100,fantasy,85.0
Dan Da Dan: First Encounter,8.2,2600,fantasy,83.0
Mononoke the Movie: The Phantom in the Rain,6.8,1200,fantasy,89.0
Dragonkeeper,5.7,1600,fantasy,98.0
Dalia y el Libro Rojo,6.5,63,fantasy,107.0
Warchief,2.5,602,fantasy,94.0
Unspeakable: Beyond the Wall of Sleep,5.9,39,fantasy,90.0
Alienoid: The Return to the Future,6.5,2500,fantasy,122.0
Chantal in Fairyland,4.6,2600,fantasy,118.0
Demon Slayer: Kimetsu No Yaiba - To the Hashira Training,7.1,8300,fantasy,104.0
Mars,8.9,19,fantasy,84.0
Harry Potter and the Stone,8.0,156,fantasy,152.0
200% Wolf,6.0,1300,fantasy,98.0
Rebellious,6.0,170,fantasy,94.0
The Night Before Christmas in Wonderland,6.3,509,fantasy,80.0
Man and Witch: The Dance of a Thousand Steps,5.5,327,fantasy,94.0
Devil's Knight,5.4,781,fantasy,90.0
Thangalaan,6.6,6500,fantasy,156.0
A.R.M,7.1,8600,fantasy,150.0
Panda Bear in Africa,5.5,310,fantasy,84.0
Ryan's World the Movie: Titan Universe Adventure,1.8,659,fantasy,80.0
Overlord: The Sacred Kingdom,7.0,707,fantasy,135.0
Kanguva,4.5,14000,fantasy,152.0
Niko: Beyond the Northern Lights,6.2,310,fantasy,86.0
"Love, Danielle",8.9,38,fantasy,79.0
Assassin's Guild,3.7,114,fantasy,103.0
Cells at Work!,6.8,173,fantasy,109.0
Ghost Cat Anzu,6.5,725,fantasy,97.0
Robin and the Hoods,4.3,504,fantasy,100.0
Barroz: Guardian of Treasures,3.5,960,fantasy,155.0
Snatched a Billionaire to Be My Husband,7.6,650,fantasy,70.0
Sketch,8.3,42,fantasy,92.0
White Snake: Afloat,6.9,436,fantasy,133.0
Super-Charlie,5.8,109,fantasy,80.0
The Invisibles,5.9,454,fantasy,111.0
Else,6.1,228,fantasy,100.0
The Keepers of the 5 Kingdoms,4.1,217,fantasy,109.0
Balestra,5.1,517,fantasy,145.0
School of Magical Animals 3,5.9,299,fantasy,105.0
The Witch: Revenge,5.3,780,fantasy,100.0
Nonostante,5.9,73,fantasy,93.0
The Sleeping Woman,5.2,554,fantasy,110.0
Shrek 5: The Contract - A Fan Made Film,7.0,18,fantasy,84.0
The Opera!,7.2,46,fantasy,106.0
The Goat,6.0,91,fantasy,100.0
A Trip Elsewhere,5.5,97,fantasy,93.0
The Slave and the Sorcerer,6.7,38,fantasy,86.0
Witch,5.1,1400,fantasy,107.0
Dongeng Sang Kancil,8.3,81,fantasy,99.0
Lesbian Space Princess,8.0,99,fantasy,87.0
Orang Ikan,6.5,32,fantasy,83.0
The Phantom Warrior,2.4,553,fantasy,119.0
The Casagrandes Movie,5.6,657,fantasy,89.0
Once Upon a Christmas Wish,6.1,316,fantasy,90.0
"Maya, donne-moi un titre",6.4,48,fantasy,61.0
Tim Travers & the Time Travelers Paradox,6.9,273,fantasy,95.0
UmroAyyar - A New Beginning,6.9,670,fantasy,135.0
The Yin Yang Master Zero,5.7,257,fantasy,112.0
Enchanting Christmas,6.3,352,fantasy,91.0
Witch Hunter,5.2,23,fantasy,80.0
Last Song for You,7.3,91,fantasy,110.0
Aalan,6.3,1100,fantasy,137.0
My Oni Girl,6.0,1700,fantasy,112.0
Elli and the Ghostly Ghost Train,5.0,90,fantasy,86.0
"Die Heinzels: Neue Mützen, Neue Mission",6.4,74,fantasy,76.0
The Ballad of Hortensia,6.7,126,fantasy,94.0
Fuuto PI: Portrait of Kamen Rider Skull,7.6,31,fantasy,82.0
Letuchiy korabl,3.8,291,fantasy,100.0
Bremenskie muzykanty,4.6,662,fantasy,115.0
Spirit World,5.7,57,fantasy,94.0
Fidil Ghorm,7.8,7,fantasy,86.0
Empire Queen: The Golden Age of Magic,3.2,204,fantasy,148.0
Hanami,6.8,99,fantasy,96.0
Zak & Wowo: The Legend of Lendarys,5.7,87,fantasy,85.0
Una ballena,6.0,48,fantasy,108.0
Gaami,6.4,2000,fantasy,147.0
The Epidemic,5.8,69,fantasy,95.0
The Sisters,4.7,147,fantasy,122.0
White Cobra Diamond Fox vs the Golden Eye,5.2,24,fantasy,90.0
Vertical,5.2,120,fantasy,111.0
Dr. Sander's Sleep Cure,6.4,712,fantasy,98.0
King Baby,7.0,24,fantasy,88.0
Oshi no Ko: The Final Act,7.7,97,fantasy,129.0
We Work for the Dead,6.7,505,fantasy,84.0
Seven Seas Seven Hills,8.7,86,fantasy,90.0
River of Ghosts,3.0,302,fantasy,102.0
Mayan,8.8,130,fantasy,113.0
The Time Travel Hills,5.8,68,fantasy,82.0
Dead Dead Demon's Dededede Destruction,7.0,139,fantasy,120.0
My Future You,8.6,46,fantasy,109.0
Nyctophobia,7.6,1800,fantasy,90.0
The Heartsmith,9.6,42,fantasy,95.0
Bodegón con fantasmas,6.5,148,fantasy,88.0
The Vord,3.4,64,fantasy,101.0
Schirkoa: In Lies We Trust,5.6,154,fantasy,103.0
A Song from the Dark,4.8,2200,fantasy,105.0
All In,5.6,84,fantasy,103.0
Don Dukun,7.0,48,fantasy,98.0
The Evil Fairy Queen,5.5,46,fantasy,90.0
Saint Young Men: Holy Men vs Demon Army,3.0,13,fantasy,93.0
The Fisherman,7.1,41,fantasy,105.0
Penguin Girl,6.9,11,fantasy,98.0
The Woods Are Real,2.4,458,fantasy,80.0
Captain Avispa,5.8,172,fantasy,96.0
The Worlds Divide,8.0,36,fantasy,120.0
Baba Yaga spasaet Novyy god,4.4,113,fantasy,99.0
Letters at Christmas,3.7,170,fantasy,84.0
Fureru,6.4,23,fantasy,107.0
Princesa Adormecida,3.8,153,fantasy,80.0
Sureshinteyum Sumalathayudeyum Hridayahariyaya Pranayakatha,5.9,83,fantasy,138.0
The Proud Princess,7.2,102,fantasy,84.0
SuperKlaus,4.3,196,fantasy,88.0
Respati,5.8,279,fantasy,112.0
Bhairadevi,8.8,44,fantasy,134.0
Hold Me Close,7.0,10,fantasy,98.0
Princess Halle and the Jester,4.8,61,fantasy,71.0
Vidente por Acidente,5.0,72,fantasy,93.0
Universal Groove,5.4,169,fantasy,74.0
Videotheque,6.2,98,fantasy,112.0
Wonderful Precure! The Movie! Doki Doki Game no Sekai de Daiboken,6.8,28,fantasy,71.0
Planet 7693,7.6,66,fantasy,110.0
Hakkenden,5.8,73,fantasy,149.0
Dragon Ball Z Kai,8.4,66,fantasy,82.0
The Traveller,5.2,203,fantasy,134.0
Rita,5.8,265,fantasy,107.0
Intercambiadas,6.5,50,fantasy,97.0
Spirit Riser,6.7,33,fantasy,98.0
Si Juki the Movie: Harta Pulau Monyet,6.0,115,fantasy,107.0
Ebenezer: The Traveler,3.5,144,fantasy,102.0
"Don't Cry, Butterfly",6.4,108,fantasy,97.0
Sunce nikad vise,7.5,20,fantasy,72.0
Kajolrekha,6.3,170,fantasy,156.0
Turma da Mônica Jovem: Reflexos do Medo,2.8,255,fantasy,88.0
Nie Xiaoqian,6.4,16,fantasy,112.0
Pechi,5.5,1500,fantasy,110.0
Ienai Himitsu,6.9,59,fantasy,115.0
Ooru Peru Bhairavakona,5.7,1700,fantasy,133.0
Askepote,3.5,80,fantasy,72.0
The Seductress from Hell,7.0,16,fantasy,102.0
Ognivo,5.5,216,fantasy,105.0
Maya Puthagam,5.4,424,fantasy,122.0
The Gesuidouz,6.9,52,fantasy,93.0
Malaikottai Vaaliban,6.0,4100,fantasy,156.0
Carol,8.3,47,fantasy,115.0
Vincent,8.5,33,fantasy,92.0
The Jester from Transylvania,4.8,37,fantasy,102.0
Vampire Genesis,4.4,36,fantasy,105.0
The Secret of Pin-Up Island,7.4,92,fantasy,107.0
Un cuento de pescadores,7.3,38,fantasy,103.0
Naag Bhoomi,5.7,8,fantasy,130.0
Fragments of Us,7.7,9,fantasy,49.0
Into the Mortal World,6.8,143,fantasy,118.0
Wedding Diaries,9.0,2000,fantasy,121.0
Joachim and the Apocalypse,7.2,13,fantasy,90.0
Les tempêtes,5.7,21,fantasy,84.0
Double Tuckerr,5.0,1200,fantasy,120.0
Advent,7.5,6,fantasy,119.0
"The Girl, the Hunter & the Firefly",7.3,19,fantasy,98.0
Blue Christmas,5.6,21,fantasy,79.0
The Beads,6.3,11,fantasy,100.0
Keo=peul-ji-ok,5.3,7,fantasy,94.0
Couple in the Woods,5.8,30,fantasy,65.0
River Returns,6.8,12,fantasy,109.0
The Supernatural Sweet Shop: The Movie,7.9,15,fantasy,103.0
Mephisto,5.4,61,fantasy,108.0
Hiçbir Sey Normal Degil,6.4,63,fantasy,71.0
Tokusou Sentai Dekaranger 20th: Fireball Booster,7.1,29,fantasy,50.0
Apollon by Day Athena by Night,6.9,11,fantasy,112.0
Samaya bolshaya luna,2.4,128,fantasy,105.0
Two Breaths,8.1,21,fantasy,18.0
Fights Break Sphere 3,4.7,8,fantasy,81.0
Snake Skin Beauty,4.1,19,fantasy,83.0
Maxxie LaWow: Drag Super-shero,8.9,55,fantasy,114.0
The Eye of the Salamander,7.9,20,fantasy,81.0
Lilla spöket Laban spökar igen,6.1,24,fantasy,44.0
The Umbrella Fairy,5.5,48,fantasy,95.0
Domovyonok Kuzya,6.6,805,fantasy,90.0
Dead Dead Demon's Dededede Destruction Zenpen,7.0,136,fantasy,120.0
Soul Traveler (The Feature),4.2,22,fantasy,96.0
Yao Shen Ling,6.7,66,fantasy,93.0
Chhota Bheem and the Curse of Damyaan,4.8,2300,fantasy,145.0
Nueva Tierra,7.6,30,fantasy,123.0
Sith Wars: Episódio III - Fantasmas Dos Sith,8.6,114,fantasy,99.0
Ella,9.3,64,fantasy,91.0
Tara - The Lost Star,9.9,10,fantasy,90.0
Traces of Love,6.5,903,fantasy,105.0
Spin the Wheel,6.0,87,fantasy,102.0
JAPA,7.5,15,fantasy,110.0
Cedric & Alysia,5.1,51,fantasy,84.0
Demon Host,5.9,17,fantasy,80.0
Mother Maker Lover Taker,6.1,32,fantasy,99.0
Fenómenos naturales,7.4,28,fantasy,80.0
Achilles Curse and the Curse of Treasure,7.4,24,fantasy,125.0
Apokrif,8.6,18,fantasy,64.0
Vasilisa i khraniteli vremeni,3.2,66,fantasy,98.0
The Old Man and the Demon Sword,7.6,35,fantasy,63.0
Formula vody,4.5,27,fantasy,86.0
Bob a Bobek ve filmu: Na stope Mrkvojeda,8.7,18,fantasy,80.0
Domovoy,4.3,289,fantasy,102.0
Pushpaka Vimanam,5.6,16,fantasy,137.0
Tri bogatyrya. Ni dnya bez podviga,5.7,62,fantasy,61.0
Code Duello: From the Tithebanner Saga,8.9,338,fantasy,61.0
10/31 Part 4,5.6,17,fantasy,87.0
Woof Woof Daddy,6.5,39,fantasy,105.0
Bloodspawn,5.7,9,fantasy,76.0
UnichtoZhanna,3.3,50,fantasy,98.0
The Journey of Flower,3.9,25,fantasy,97.0
Sharma & Ambani,9.1,183,fantasy,104.0
Supersiostry,3.9,134,fantasy,90.0
IZLIYORLAR,7.2,28,fantasy,113.0
"Fallen Leaves, Broken Lighters",7.7,7,fantasy,96.0
Witches of God,7.6,16,fantasy,73.0
Darker Than Night,4.7,24,fantasy,82.0
Brush of the God,6.5,13,fantasy,74.0
Wonderland,6.8,12,fantasy,120.0
Painted Skin,6.8,52,fantasy,80.0
Black Dragon,3.9,9,fantasy,99.0
Iron Nest of the Moon,7.6,13,fantasy,70.0
Wanderer,7.0,9,fantasy,46.0
Horse with No Name,7.5,12,fantasy,72.0
Princezna na hrásku,5.6,63,fantasy,80.0
I Am Moon,8.0,9,fantasy,127.0
Let's Go! Anpanman: Baikinman and Lulun,6.5,7,fantasy,64.0
And Through the Portal We Go,7.4,8,fantasy,83.0
Xiao zi,3.5,12,fantasy,101.0
Dracu Ra,5.5,34,fantasy,106.0
Chyortov kamen,6.4,9,fantasy,105.0
Kyle and the Last Emerald 2,8.4,7,fantasy,15.0
Krapiva: Tsvetok smerti,6.0,48,fantasy,81.0
Bicho Monstro,8.0,5,fantasy,75.0
Nebesko,5.2,10,fantasy,73.0
Gato Galactico e o Feitiço do Tempo,7.7,68,fantasy,85.0
Velký Pán,7.0,8,fantasy,73.0
LUDA,7.2,6,fantasy,86.0
Lucid Love,8.6,29,fantasy,71.0
Skazochnyy patrul. Shou prodolzhayetsya,7.2,11,fantasy,65.0
"Bryson, the Demon Slayer",4.5,12,fantasy,59.0
The Legend of the Cat Demon,4.8,12,fantasy,85.0
Kan dao ling hun de na zhi yan shi gong,3.3,12,fantasy,124.0
The Blinkless,7.8,12,fantasy,59.0
Kyle and the Last Emerald,5.6,17,fantasy,20.0
Cageling,5.9,8,fantasy,69.0
Moana 2,6.7,91000,family,100.0
Flow,7.9,63000,family,85.0
The Day the Earth Blew Up: A Looney Tunes Movie,7.0,2800,family,91.0
Sonic the Hedgehog 3,6.9,54000,family,110.0
Mufasa: The Lion King,6.6,49000,family,118.0
Paddington in Peru,6.7,18000,family,106.0
Despicable Me 4,6.2,63000,family,94.0
Inside Out 2,7.5,212000,family,96.0
IF,6.4,57000,family,104.0
Transformers One,7.6,48000,family,104.0
Wallace & Gromit: Vengeance Most Fowl,7.5,33000,family,82.0
Harold and the Purple Crayon,5.7,8000,family,90.0
Kung Fu Panda 4,6.3,67000,family,94.0
Young Hearts,8.1,4500,family,99.0
The Garfield Movie,5.7,24000,family,101.0
The Forge,6.7,4600,family,124.0
Descendants: The Rise of Red,4.7,6900,family,91.0
Spellbound,5.6,6600,family,109.0
How to Make Millions Before Grandma Dies,8.0,13000,family,125.0
My Penguin Friend,6.7,4800,family,97.0
Hitpig,5.1,856,family,86.0
Faith of Angels,5.9,176,family,98.0
Piece by Piece,6.9,5200,family,93.0
You Gotta Believe,5.8,1300,family,104.0
Unsung Hero,7.0,4900,family,113.0
Orion and the Dark,6.3,17000,family,93.0
A Sloth Story,5.6,188,family,90.0
Megamind vs. The Doom Syndicate,2.5,5500,family,83.0
Lost on a Mountain in Maine,6.1,1100,family,98.0
Saving Bikini Bottom: The Sandy Cheeks Movie,3.7,3800,family,82.0
Big World,7.4,1100,family,131.0
Thelma the Unicorn,5.7,2900,family,93.0
Buffalo Kids,6.6,647,family,93.0
The Thundermans Return,5.0,1800,family,70.0
Fear,8.5,2800,family,115.0
That Christmas,6.8,17000,family,91.0
Noah's Ark,4.3,629,family,96.0
Woodwalkers,5.3,365,family,103.0
Guest from the Future,6.0,1200,family,141.0
The Tiger's Apprentice,5.7,2100,family,84.0
Ultraman: Rising,6.9,6200,family,117.0
Doraemon the Movie: Nobita's Earth Symphony,6.6,1400,family,115.0
The Lost Tiger,7.8,41,family,90.0
10 Lives,5.9,1900,family,88.0
Runt,6.4,506,family,91.0
Panda Plan,5.1,1100,family,99.0
Autumn and the Black Jaguar,5.6,973,family,100.0
Woody Woodpecker Goes to Camp,4.5,2500,family,100.0
Storm Crashers,6.3,551,family,88.0
My Freaky Family,6.4,390,family,86.0
Dalia y el Libro Rojo,6.5,61,family,107.0
Bibi Rajni,8.6,709,family,143.0
Meiyazhagan,8.4,13000,family,177.0
Rajakili,7.6,560,family,122.0
Savages,7.0,275,family,87.0
Crayon Shin-chan: Ora's Dinosaur Diary,6.5,318,family,106.0
200% Wolf,6.0,1300,family,98.0
Rebellious,6.0,169,family,94.0
Bila Esok Ibu Tiada,6.5,258,family,104.0
Bambi: A Tale of Life in the Woods,5.7,154,family,85.0
The Night Before Christmas in Wonderland,6.3,509,family,80.0
Average Joe,4.2,560,family,100.0
Man and Witch: The Dance of a Thousand Steps,5.5,327,family,94.0
The Groomsmen: First Look,6.1,379,family,82.0
Panda Bear in Africa,5.5,310,family,84.0
Ryan's World the Movie: Titan Universe Adventure,1.8,659,family,80.0
A Sudden Case of Christmas,5.1,1100,family,91.0
Niko: Beyond the Northern Lights,6.2,310,family,86.0
And the Breadwinner Is...,6.8,241,family,123.0
Ghost Cat Anzu,6.5,724,family,97.0
Believe in Christmas,6.1,820,family,90.0
Robin and the Hoods,4.3,504,family,100.0
A Nashville Wish,5.6,89,family,102.0
A Carpenter's Prayer,8.6,33,family,91.0
Super-Charlie,5.8,109,family,80.0
The Neon Highway,6.0,485,family,113.0
Rally Caps,5.5,136,family,100.0
School of Magical Animals 3,5.9,299,family,105.0
Der Buchspazierer,7.3,363,family,98.0
The Primrose Railway Children,4.9,142,family,81.0
Marry Christmas,6.9,58,family,85.0
A Brother and 7 Siblings,8.6,1100,family,129.0
Véletlenül írtam egy könyvet,7.7,290,family,98.0
"Love, Sitara",5.3,295,family,105.0
No Time to Spy: A Loud House Movie,6.4,438,family,81.0
Skelly,5.6,90,family,85.0
Sabari,8.4,5400,family,129.0
Brewster's Millions: Christmas,5.7,186,family,100.0
Home Sweet Loan,8.1,830,family,112.0
Treasure Trackers,5.8,158,family,92.0
The Snow Sister,7.0,2100,family,96.0
Going Viral,6.8,50,family,90.0
Dongeng Sang Kancil,8.3,80,family,99.0
Cup,8.5,66,family,146.0
Return to Wickensburg,4.7,25,family,88.0
Chico Bento e a Goiabeira Maraviosa,7.6,680,family,90.0
Disaster Holiday,4.8,678,family,93.0
Juliette au printemps,6.4,219,family,95.0
Juf Braaksel en de Geniale Ontsnapping,4.0,43,family,83.0
Babah,7.0,105,family,129.0
Ole Aale,8.7,408,family,142.0
The Casagrandes Movie,5.6,657,family,89.0
Like a Rolling Stone,7.8,415,family,106.0
"Maya, donne-moi un titre",6.4,48,family,61.0
2nd Miracle in Cell No. 7,7.8,199,family,147.0
Dance Rivals,5.9,64,family,93.0
Father There is Only One 4,5.2,603,family,90.0
Dear Family,6.9,52,family,116.0
Victoria må dø,5.9,349,family,85.0
Børnene fra Sølvgade,7.6,92,family,102.0
Grrr...,4.0,807,family,121.0
My Oni Girl,6.0,1700,family,112.0
The Big Trip 3: Race Around the World,5.7,51,family,85.0
Elli and the Ghostly Ghost Train,5.0,89,family,86.0
"Die Heinzels: Neue Mützen, Neue Mission",6.4,74,family,76.0
Krispy Rishtey,6.6,69,family,133.0
Gracie and Pedro: Pets to the Rescue,5.1,261,family,87.0
Letuchiy korabl,3.8,291,family,100.0
The Adventures of Jurassic Pet: Return to the Wild,5.5,54,family,90.0
Bremenskie muzykanty,4.6,662,family,115.0
Dog Days,6.7,303,family,120.0
Paper Flowers,8.8,30,family,100.0
Aanandhapuram Diaries,7.1,2500,family,115.0
"Robotia, the Movie",8.2,22,family,86.0
Little Emma,5.7,103,family,106.0
Zak & Wowo: The Legend of Lendarys,5.7,87,family,85.0
Il migliore dei mali,7.8,6,family,90.0
Windcatcher,5.3,406,family,80.0
Kvitebjørn,5.9,53,family,85.0
Luv Ki Arrange Marriage,3.9,4500,family,135.0
G for Gap,7.2,537,family,103.0
Powder Pup,6.2,73,family,89.0
Living Large,7.7,101,family,80.0
Stinky Summer,5.9,45,family,90.0
Goldbeak,4.9,127,family,94.0
Tri kota. Zimnie kanikuly,6.1,27,family,65.0
Saint Nick of Bethlehem,9.3,96,family,93.0
Chicken Coop,5.8,88,family,98.0
Eine zweite Chance,8.6,39,family,91.0
Yaren Leylek,5.9,26,family,95.0
Daaru Na Peenda Hove,7.7,2300,family,111.0
Singapore Saloon,6.0,1200,family,137.0
Superkrachten voor je hoofd,7.3,194,family,92.0
Magic Beach,5.5,58,family,80.0
Sunny,7.6,21,family,122.0
Sieger Sein,6.6,172,family,119.0
Captain Avispa,5.8,172,family,96.0
Baba Yaga spasaet Novyy god,4.4,113,family,99.0
Gina,7.6,22,family,100.0
Peppa's Cinema Party,5.0,153,family,65.0
Yolki 11,4.6,165,family,92.0
Daye: Seret ahl el Daye,7.8,15,family,104.0
Nadanna Sambhavam,5.8,1400,family,120.0
Nintama Rantaro Dokutake Ninja-tai Saikyou no Gunshi,6.8,14,family,90.0
The Proud Princess,7.2,101,family,84.0
SuperKlaus,4.3,196,family,88.0
Gharat Ganpati,7.9,495,family,139.0
My Redneck Neighbor: Chapter 1 - The Rednecks Are Coming,5.0,7,family,74.0
Vishesham,6.7,1300,family,136.0
Too Old for Fairy Tales 2,4.8,387,family,95.0
Wonderful Precure! The Movie! Doki Doki Game no Sekai de Daiboken,6.8,28,family,71.0
Planet 7693,7.6,66,family,110.0
Chithini,6.0,551,family,151.0
14 Days Love,7.9,9,family,112.0
Luigi's Mansion,6.0,17,family,60.0
Joy of Horses,5.8,162,family,90.0
Kardes Takimi,3.5,546,family,95.0
Ghudchadi,4.2,551,family,113.0
The Legend of Catclaws Mountain,3.5,170,family,104.0
Si Juki the Movie: Harta Pulau Monyet,6.0,115,family,107.0
Obraz,7.6,17,family,95.0
Dedh Bigha Zameen,6.9,743,family,100.0
The Lamb,7.0,28,family,85.0
Brother,6.3,2300,family,140.0
Amaltash,8.1,145,family,113.0
LasseMajas detektivbyrå - Maskoten som försvann,6.0,54,family,90.0
Grüsse vom Mars,6.7,20,family,85.0
BeBe Winans' We Three Kings,6.9,128,family,90.0
Masha i Medved v kino: Park chudes,7.0,16,family,58.0
Spirit of Friendship,4.3,73,family,85.0
Askepote,3.5,80,family,72.0
Miracle Mile,8.7,27,family,82.0
Ognivo,5.4,216,family,105.0
Mr. Santa: A Christmas Extravaganza,8.5,16,family,98.0
Troy the Bharat Putra,5.5,31,family,134.0
The Land of Morning Calm,6.1,19,family,113.0
Laggam,8.5,5100,family,130.0
The Magic Penguin,3.8,26,family,89.0
Håkan Bråkan 2,5.4,130,family,92.0
Vaar Tahevaar,8.0,279,family,127.0
Hashtag Tadev lagnam,6.5,135,family,118.0
Carol,8.3,47,family,115.0
Palayam PC,5.2,136,family,118.0
Rajkumar,7.3,2600,family,145.0
The Hedgehog,6.7,668,family,104.0
The Secret of Pin-Up Island,7.4,92,family,107.0
CBeebies Panto: Beauty and the Beast,7.8,16,family,73.0
A Christmas Miracle,6.0,65,family,88.0
Mees Kees op eigen benen,6.1,31,family,82.0
De Bellinga's: Pretpark op stelten,3.1,123,family,70.0
Vikaasaparva,8.7,540,family,134.0
Wedding Diaries,9.0,2000,family,121.0
Ducobu passe au vert!,4.0,127,family,90.0
Porch Pirates,5.0,100,family,107.0
Baii Ga,4.2,60,family,134.0
For Prophet,5.4,104,family,105.0
Double Tuckerr,5.0,1200,family,120.0
Mountain Boy,8.2,17,family,93.0
Steal the Naughty List,6.6,114,family,90.0
"Akiko, der fliegende Affe",8.4,10,family,70.0
Die Chaosschwestern und Pinguin Paul,5.7,66,family,100.0
Feather Christmas,5.2,120,family,94.0
Scooped,5.3,44,family,84.0
Tartinijev kljuc,7.8,21,family,115.0
Dikkie Dik 2: Een Nieuwe Vriend voor Dikkie Dik,7.4,71,family,70.0
Paagal vs Kadhal,9.0,2100,family,111.0
Christmas Carole,4.3,74,family,93.0
Domovyonok Kuzya,6.5,805,family,90.0
Rocket Club: Across the Cosmos,8.2,18,family,68.0
Igrisca ne damo!,6.9,26,family,79.0
Day of the Diesels,7.2,9,family,100.0
Chhota Bheem and the Curse of Damyaan,4.8,2300,family,145.0
Inanimate Insanity II: The Movie,8.3,226,family,106.0
Heavens: The Boy and His Robot,6.3,21,family,98.0
Ne odna doma,4.1,80,family,79.0
Our Church Thinks We're Dating,7.5,59,family,102.0
Super papa,5.2,112,family,90.0
"Merry Birthday, Happy Christmas",4.8,114,family,84.0
Smotri na menya!,5.6,66,family,120.0
Piraty galaktiki Barrakuda,4.4,79,family,92.0
Dikkie Dik en de Verdwenen Knuffel,7.2,127,family,62.0
Animal Tales of Christmas Magic,6.8,50,family,72.0
Vasilisa i khraniteli vremeni,3.1,66,family,98.0
Mastaani,9.4,25,family,150.0
De Grote Sinterklaasfilm - Stampij in de bakkerij,3.0,76,family,75.0
Oyunda Kal: Eglence Arenasi,2.7,35,family,92.0
My Dear Donga,5.7,160,family,132.0
Manyunya. Priklyucheniya v derevne,5.9,115,family,84.0
Our Christmas House,5.4,44,family,77.0
The Truth: The Journey Within,7.2,8,family,91.0
De Club van Sinterklaas Film: Het Grote Sneeuwavontuur,5.8,50,family,79.0
Bob a Bobek ve filmu: Na stope Mrkvojeda,8.7,18,family,80.0
Little Town,6.8,11,family,90.0
DeAr,5.1,1300,family,132.0
SDL A Batalha Musical,7.3,40,family,102.0
Moy dikiy drug,6.7,52,family,100.0
Awesomest Christmas Ever,6.8,20,family,78.0
Uma & Haggen: Mitos,7.5,45,family,94.0
Tri bogatyrya. Ni dnya bez podviga,5.7,62,family,61.0
Double Engine,5.6,114,family,106.0
Thookudurai,4.3,2300,family,125.0
Gowri,7.5,4100,family,130.0
A Hero's Journey: The Making of Percy Jackson and the Olympians,7.4,248,family,50.0
Woof Woof Daddy,6.5,39,family,105.0
De Legende van Familie Vos,5.7,58,family,81.0
Pui Pui Molcar the Movie: Molmax,7.0,7,family,69.0
Mansarra,7.7,20,family,138.0
Manyunya. Priklyucheniya v Moskve,5.6,109,family,87.0
Hope's Hollywood Christmas,8.9,28,family,90.0
A Game of Two Halves,7.3,24,family,100.0
Moy lyubimyy chempion,2.3,419,family,95.0
Gabru Gang,8.7,214,family,123.0
Fanzo Movie,7.9,10,family,104.0
Titip Surat Untuk Tuhan,6.5,40,family,81.0
A Holiday for Harmony,3.6,35,family,120.0
Semeynyy perepolokh,4.8,58,family,87.0
Padmavyuham Lo Chakradhari,7.4,1700,family,110.0
Chitti - Potti,9.0,1700,family,150.0
Petualangan Anak Penangkap Hantu,6.0,24,family,99.0
Haydi Tut Elimi,6.7,25,family,113.0
Vozvrashchenie popugaya Keshi,4.1,59,family,93.0
"7 dney, 7 nochey",6.4,403,family,98.0
Oti Uttam,5.2,203,family,137.0
"Heinähattu, Vilttitossu ja kana",4.9,59,family,77.0
Novyy god v Beryozovke,7.1,98,family,94.0
Boom!,8.3,10,family,90.0
Tayna Chyornoy Ruki,5.7,22,family,84.0
Al Eid Eiden,6.1,11,family,110.0
YA - medved,4.9,61,family,97.0
Kaagada,8.8,13,family,149.0
When the World Met Miss Probinsyana,9.5,42,family,155.0
Odna doma. Velikolepnaya pyatyorka,4.1,39,family,85.0
Once Upon a Christmas,6.8,13,family,115.0
Max und die wilde 7: Die Geister-Oma,6.2,46,family,90.0
Perfekta: Uma Aventura da Escola de Gênios,5.8,15,family,92.0
Malyshariki. Den rozhdeniya,5.8,28,family,52.0
Lek Asavi Tar Ashi,5.5,13,family,143.0
Khelaghar Bandhte Legechi,8.0,7,family,100.0
Last Defenders of Monogamy,5.3,385,family,84.0
Klaantha,6.2,518,family,107.0
Iwájú: A Day Ahead,6.8,73,family,71.0
Vindu Bhojanam,7.2,54,family,103.0
"Poymay sobaku, esli smozhesh",3.5,36,family,96.0
Udanadi Mangalyam,2.9,24,family,90.0
Princezna na hrásku,5.6,63,family,80.0
Mezhdu nami,5.1,35,family,93.0
A House Without a Father,6.2,34,family,61.0
V banyu!,5.2,69,family,99.0
Papu mame zaverni,3.5,67,family,106.0
Moyo sobache delo,5.2,41,family,77.0
My Dad Is an Alien,8.0,18,family,96.0
Prinsessa Pikkiriikki,6.1,39,family,75.0
Novogodnee chudo,5.5,14,family,73.0
Kattis Gang,8.2,403,family,144.0
Give 'Em Hell Honey!,6.1,11,family,94.0
Vovó Ninja,5.2,21,family,96.0
Let's Go! Anpanman: Baikinman and Lulun,6.5,7,family,64.0
Arne Alligator och djungelkompisarna,4.6,48,family,61.0
Bitva pap,4.5,24,family,79.0
Neposlushniki,4.9,93,family,108.0
Korporatsiya Morozov,5.5,30,family,83.0
Kazhdyy mechtaet o sobake,5.2,31,family,90.0
The Christmas Room,6.4,52,family,99.0
Mukhadrakon,5.3,16,family,109.0
Suvorovets 1944,5.6,8,family,90.0
Tui Ke Amar,6.6,6,family,114.0
Uparwala & Sons,9.2,322,family,126.0
Childhood Tales,7.3,20,family,63.0
Give You a Candy,5.4,14,family,134.0
A Christmas Reunion,4.9,11,family,64.0
Haddhu Ledhu Raa,7.3,2000,family,112.0
Nebesko,5.2,10,family,73.0
Idu Entha Lokavayya,6.6,7,family,120.0
Appa I Love You,8.7,543,family,145.0
Uzhaipalar Thinam,4.3,7,family,122.0
Selebryata,3.6,20,family,93.0
Príncipe Lu e a Lenda do Dragão,4.2,27,family,90.0
Person of the Year,5.8,11,family,100.0
Omar v bolshom kino,5.8,26,family,86.0
LUDA,7.2,6,family,86.0
Pinnil Oral,6.0,113,family,127.0
Skazochnyy patrul. Shou prodolzhayetsya,7.2,11,family,65.0
Kallu Compound 1995,8.1,2000,family,140.0
Iyus Jenius,9.0,7,family,82.0
Fien & Teun Circus op de Boerderij,5.6,11,family,77.0
Wholesome Grove,7.0,8,family,99.0
Borjatri,8.4,6,family,72.0
Mallemogga,9.0,11,family,132.0
Salamat Rahe Dostana Hamara (SRDH),9.3,87,family,60.0
Tomari Sathe,8.0,8,family,54.0
Gyakorlat teszi a mestert,6.1,15,family,46.0
Beyaz Zenciler: Yapim Asamasi,8.6,5,family,55.0
